; CSV, generated by atk_libsigrok4 1.0.0 on 2026-05-29 18:46:10
; Channels (2/16)
; ChannelsType: 3
; Sample rate: 5 MHz
; Sample count: 58.151489 M
; Sampling time: 2026-05-29 18:45:18.096
SystemTime, Time(s), Channel 0, Channel 1
'2026-05-29 18:45:18.096000000,0.000000000,1,0
'2026-05-29 18:45:18.096004400,0.000004400,0,0
'2026-05-29 18:45:18.096004600,0.000004600,1,0
'2026-05-29 18:45:18.096005400,0.000005400,0,0
'2026-05-29 18:45:18.096005600,0.000005600,1,0
'2026-05-29 18:45:18.096005800,0.000005800,0,0
'2026-05-29 18:45:18.096006000,0.000006000,1,0
'2026-05-29 18:45:18.096008400,0.000008400,0,0
'2026-05-29 18:45:18.096008600,0.000008600,1,0
'2026-05-29 18:45:18.096009000,0.000009000,0,0
'2026-05-29 18:45:18.096009400,0.000009400,1,0
'2026-05-29 18:45:18.096009600,0.000009600,0,0
'2026-05-29 18:45:18.096010000,0.000010000,1,0
'2026-05-29 18:45:18.096010200,0.000010200,0,0
'2026-05-29 18:45:18.096010600,0.000010600,1,0
'2026-05-29 18:45:18.096010800,0.000010800,0,0
'2026-05-29 18:45:18.096015000,0.000015000,1,0
'2026-05-29 18:45:18.096015200,0.000015200,0,0
'2026-05-29 18:45:18.096043600,0.000043600,1,0
'2026-05-29 18:45:18.096043800,0.000043800,0,0
'2026-05-29 18:45:18.421628800,0.325628800,0,1
'2026-05-29 18:45:18.421648200,0.325648200,1,1
'2026-05-29 18:45:18.580120600,0.484120600,1,0
'2026-05-29 18:45:18.580129200,0.484129200,1,1
'2026-05-29 18:45:18.580138000,0.484138000,1,0
'2026-05-29 18:45:18.580146600,0.484146600,1,1
'2026-05-29 18:45:18.580155400,0.484155400,1,0
'2026-05-29 18:45:18.580164000,0.484164000,1,1
'2026-05-29 18:45:18.580172800,0.484172800,1,0
'2026-05-29 18:45:18.580181400,0.484181400,1,1
'2026-05-29 18:45:18.580190000,0.484190000,1,0
'2026-05-29 18:45:18.580198800,0.484198800,1,1
'2026-05-29 18:45:18.580207400,0.484207400,1,0
'2026-05-29 18:45:18.580216200,0.484216200,1,1
'2026-05-29 18:45:18.580224800,0.484224800,1,0
'2026-05-29 18:45:18.580242200,0.484242200,1,1
'2026-05-29 18:45:18.580268200,0.484268200,1,0
'2026-05-29 18:45:18.580285600,0.484285600,1,1
'2026-05-29 18:45:18.580294400,0.484294400,1,0
'2026-05-29 18:45:18.580320400,0.484320400,1,1
'2026-05-29 18:45:18.580329000,0.484329000,1,0
'2026-05-29 18:45:18.580372600,0.484372600,1,1
'2026-05-29 18:45:18.580381200,0.484381200,1,0
'2026-05-29 18:45:18.580389800,0.484389800,1,1
'2026-05-29 18:45:18.580398600,0.484398600,1,0
'2026-05-29 18:45:18.580407200,0.484407200,1,1
'2026-05-29 18:45:18.580416000,0.484416000,1,0
'2026-05-29 18:45:18.580433400,0.484433400,1,1
'2026-05-29 18:45:18.580442000,0.484442000,1,0
'2026-05-29 18:45:18.580459400,0.484459400,1,1
'2026-05-29 18:45:18.580468200,0.484468200,1,0
'2026-05-29 18:45:18.580476800,0.484476800,1,1
'2026-05-29 18:45:18.580494200,0.484494200,1,0
'2026-05-29 18:45:18.580502800,0.484502800,1,1
'2026-05-29 18:45:18.580511600,0.484511600,1,0
'2026-05-29 18:45:18.580546200,0.484546200,1,1
'2026-05-29 18:45:18.580555000,0.484555000,1,0
'2026-05-29 18:45:18.580572400,0.484572400,1,1
'2026-05-29 18:45:18.580581000,0.484581000,1,0
'2026-05-29 18:45:18.580633200,0.484633200,1,1
'2026-05-29 18:45:18.580641800,0.484641800,1,0
'2026-05-29 18:45:18.580711400,0.484711400,1,1
'2026-05-29 18:45:18.580728800,0.484728800,1,0
'2026-05-29 18:45:18.580737400,0.484737400,1,1
'2026-05-29 18:45:18.580789600,0.484789600,1,0
'2026-05-29 18:45:18.580807000,0.484807000,1,1
'2026-05-29 18:45:18.580815600,0.484815600,1,0
'2026-05-29 18:45:18.580893800,0.484893800,1,1
'2026-05-29 18:45:18.580902400,0.484902400,1,0
'2026-05-29 18:45:18.580911200,0.484911200,1,1
'2026-05-29 18:45:18.580919800,0.484919800,1,0
'2026-05-29 18:45:18.580928600,0.484928600,1,1
'2026-05-29 18:45:18.580946000,0.484946000,1,0
'2026-05-29 18:45:18.580980600,0.484980600,1,1
'2026-05-29 18:45:18.580989400,0.484989400,1,0
'2026-05-29 18:45:18.581006800,0.485006800,1,1
'2026-05-29 18:45:18.581015400,0.485015400,1,0
'2026-05-29 18:45:18.581067600,0.485067600,1,1
'2026-05-29 18:45:18.581076200,0.485076200,1,0
'2026-05-29 18:45:18.581154400,0.485154400,1,1
'2026-05-29 18:45:18.581163200,0.485163200,1,0
'2026-05-29 18:45:18.581171800,0.485171800,1,1
'2026-05-29 18:45:18.581189200,0.485189200,1,0
'2026-05-29 18:45:18.581197800,0.485197800,1,1
'2026-05-29 18:45:18.581206600,0.485206600,1,0
'2026-05-29 18:45:18.581241400,0.485241400,1,1
'2026-05-29 18:45:18.581250000,0.485250000,1,0
'2026-05-29 18:45:18.581276000,0.485276000,1,1
'2026-05-29 18:45:18.581310800,0.485310800,1,0
'2026-05-29 18:45:18.581328200,0.485328200,1,1
'2026-05-29 18:45:18.581336800,0.485336800,1,0
'2026-05-29 18:45:18.581415000,0.485415000,1,1
'2026-05-29 18:45:18.581423800,0.485423800,1,0
'2026-05-29 18:45:18.581502000,0.485502000,1,1
'2026-05-29 18:45:18.581510600,0.485510600,1,0
'2026-05-29 18:45:18.581519400,0.485519400,1,1
'2026-05-29 18:45:18.581536800,0.485536800,1,0
'2026-05-29 18:45:18.581588800,0.485588800,1,1
'2026-05-29 18:45:18.581597600,0.485597600,1,0
'2026-05-29 18:45:18.581675600,0.485675600,1,1
'2026-05-29 18:45:18.581684400,0.485684400,1,0
'2026-05-29 18:45:18.581762600,0.485762600,1,1
'2026-05-29 18:45:18.581771200,0.485771200,1,0
'2026-05-29 18:45:18.581849400,0.485849400,1,1
'2026-05-29 18:45:18.581858200,0.485858200,1,0
'2026-05-29 18:45:18.581875600,0.485875600,1,1
'2026-05-29 18:45:18.581919000,0.485919000,1,0
'2026-05-29 18:45:18.581927600,0.485927600,1,1
'2026-05-29 18:45:18.581945000,0.485945000,1,0
'2026-05-29 18:45:18.581953800,0.485953800,1,1
'2026-05-29 18:45:18.581979800,0.485979800,1,0
'2026-05-29 18:45:18.581988400,0.485988400,1,1
'2026-05-29 18:45:18.581997200,0.485997200,1,0
'2026-05-29 18:45:18.582023200,0.486023200,1,1
'2026-05-29 18:45:18.582032000,0.486032000,1,0
'2026-05-29 18:45:18.582110200,0.486110200,1,1
'2026-05-29 18:45:18.582118800,0.486118800,1,0
'2026-05-29 18:45:18.582197000,0.486197000,1,1
'2026-05-29 18:45:18.582205600,0.486205600,1,0
'2026-05-29 18:45:18.582214400,0.486214400,1,1
'2026-05-29 18:45:18.582223000,0.486223000,1,0
'2026-05-29 18:45:18.582231800,0.486231800,1,1
'2026-05-29 18:45:18.582249200,0.486249200,1,0
'2026-05-29 18:45:18.582257800,0.486257800,1,1
'2026-05-29 18:45:18.582266600,0.486266600,1,0
'2026-05-29 18:45:18.582283800,0.486283800,1,1
'2026-05-29 18:45:18.582292600,0.486292600,1,0
'2026-05-29 18:45:18.582301200,0.486301200,1,1
'2026-05-29 18:45:18.582310000,0.486310000,1,0
'2026-05-29 18:45:18.582318600,0.486318600,1,1
'2026-05-29 18:45:18.582336000,0.486336000,1,0
'2026-05-29 18:45:18.582370800,0.486370800,1,1
'2026-05-29 18:45:18.582379400,0.486379400,1,0
'2026-05-29 18:45:18.582457600,0.486457600,1,1
'2026-05-29 18:45:18.582466400,0.486466400,1,0
'2026-05-29 18:45:18.582544600,0.486544600,1,1
'2026-05-29 18:45:18.582553200,0.486553200,1,0
'2026-05-29 18:45:18.582605400,0.486605400,1,1
'2026-05-29 18:45:18.582640000,0.486640000,1,0
'2026-05-29 18:45:18.582718200,0.486718200,1,1
'2026-05-29 18:45:18.582727000,0.486727000,1,0
'2026-05-29 18:45:18.582753000,0.486753000,1,1
'2026-05-29 18:45:18.582761800,0.486761800,1,0
'2026-05-29 18:45:18.582805200,0.486805200,1,1
'2026-05-29 18:45:18.582813800,0.486813800,1,0
'2026-05-29 18:45:18.582822600,0.486822600,1,1
'2026-05-29 18:45:18.582848600,0.486848600,1,0
'2026-05-29 18:45:18.582857200,0.486857200,1,1
'2026-05-29 18:45:18.582874600,0.486874600,1,0
'2026-05-29 18:45:18.582892000,0.486892000,1,1
'2026-05-29 18:45:18.582900800,0.486900800,1,0
'2026-05-29 18:45:18.582979000,0.486979000,1,1
'2026-05-29 18:45:18.582987600,0.486987600,1,0
'2026-05-29 18:45:18.583065800,0.487065800,1,1
'2026-05-29 18:45:18.583074400,0.487074400,1,0
'2026-05-29 18:45:18.583152600,0.487152600,1,1
'2026-05-29 18:45:18.583161400,0.487161400,1,0
'2026-05-29 18:45:18.583239600,0.487239600,1,1
'2026-05-29 18:45:18.583248200,0.487248200,1,0
'2026-05-29 18:45:18.583257000,0.487257000,1,1
'2026-05-29 18:45:18.583274400,0.487274400,1,0
'2026-05-29 18:45:18.583326400,0.487326400,1,1
'2026-05-29 18:45:18.583335200,0.487335200,1,0
'2026-05-29 18:45:18.583404600,0.487404600,1,1
'2026-05-29 18:45:18.583422000,0.487422000,1,0
'2026-05-29 18:45:18.583500200,0.487500200,1,1
'2026-05-29 18:45:18.583509000,0.487509000,1,0
'2026-05-29 18:45:18.583587000,0.487587000,1,1
'2026-05-29 18:45:18.583595800,0.487595800,1,0
'2026-05-29 18:45:18.583604400,0.487604400,1,1
'2026-05-29 18:45:18.583621800,0.487621800,1,0
'2026-05-29 18:45:18.583639200,0.487639200,1,1
'2026-05-29 18:45:18.583648000,0.487648000,1,0
'2026-05-29 18:45:18.583674000,0.487674000,1,1
'2026-05-29 18:45:18.583682600,0.487682600,1,0
'2026-05-29 18:45:18.583691400,0.487691400,1,1
'2026-05-29 18:45:18.583700000,0.487700000,1,0
'2026-05-29 18:45:18.583760800,0.487760800,1,1
'2026-05-29 18:45:18.583769600,0.487769600,1,0
'2026-05-29 18:45:18.583795600,0.487795600,1,1
'2026-05-29 18:45:18.583804400,0.487804400,1,0
'2026-05-29 18:45:18.583821600,0.487821600,1,1
'2026-05-29 18:45:18.583839000,0.487839000,1,0
'2026-05-29 18:45:18.583847800,0.487847800,1,1
'2026-05-29 18:45:18.583856400,0.487856400,1,0
'2026-05-29 18:45:18.583934600,0.487934600,1,1
'2026-05-29 18:45:18.583943400,0.487943400,1,0
'2026-05-29 18:45:18.584021400,0.488021400,1,1
'2026-05-29 18:45:18.584030200,0.488030200,1,0
'2026-05-29 18:45:18.584065000,0.488065000,1,1
'2026-05-29 18:45:18.584082400,0.488082400,1,0
'2026-05-29 18:45:18.584091000,0.488091000,1,1
'2026-05-29 18:45:18.584099800,0.488099800,1,0
'2026-05-29 18:45:18.584108400,0.488108400,1,1
'2026-05-29 18:45:18.584117000,0.488117000,1,0
'2026-05-29 18:45:18.584134400,0.488134400,1,1
'2026-05-29 18:45:18.584143200,0.488143200,1,0
'2026-05-29 18:45:18.584186600,0.488186600,1,1
'2026-05-29 18:45:18.584204000,0.488204000,1,0
'2026-05-29 18:45:18.584238600,0.488238600,1,1
'2026-05-29 18:45:18.584256000,0.488256000,1,0
'2026-05-29 18:45:18.584264800,0.488264800,1,1
'2026-05-29 18:45:18.584273400,0.488273400,1,0
'2026-05-29 18:45:18.584282200,0.488282200,1,1
'2026-05-29 18:45:18.584290800,0.488290800,1,0
'2026-05-29 18:45:18.584308200,0.488308200,1,1
'2026-05-29 18:45:18.584316800,0.488316800,1,0
'2026-05-29 18:45:18.584369000,0.488369000,1,1
'2026-05-29 18:45:18.584377800,0.488377800,1,0
'2026-05-29 18:45:18.584455800,0.488455800,1,1
'2026-05-29 18:45:18.584464600,0.488464600,1,0
'2026-05-29 18:45:18.584542800,0.488542800,1,1
'2026-05-29 18:45:18.584551400,0.488551400,1,0
'2026-05-29 18:45:18.584560200,0.488560200,1,1
'2026-05-29 18:45:18.584621000,0.488621000,1,0
'2026-05-29 18:45:18.584629600,0.488629600,1,1
'2026-05-29 18:45:18.584638400,0.488638400,1,0
'2026-05-29 18:45:18.584647000,0.488647000,1,1
'2026-05-29 18:45:18.584655800,0.488655800,1,0
'2026-05-29 18:45:18.584707800,0.488707800,1,1
'2026-05-29 18:45:18.584725200,0.488725200,1,0
'2026-05-29 18:45:18.584733800,0.488733800,1,1
'2026-05-29 18:45:18.584742600,0.488742600,1,0
'2026-05-29 18:45:18.584760000,0.488760000,1,1
'2026-05-29 18:45:18.584768600,0.488768600,1,0
'2026-05-29 18:45:18.584777400,0.488777400,1,1
'2026-05-29 18:45:18.584786000,0.488786000,1,0
'2026-05-29 18:45:18.584803400,0.488803400,1,1
'2026-05-29 18:45:18.584812000,0.488812000,1,0
'2026-05-29 18:45:18.584820800,0.488820800,1,1
'2026-05-29 18:45:18.584838200,0.488838200,1,0
'2026-05-29 18:45:18.584890200,0.488890200,1,1
'2026-05-29 18:45:18.584899000,0.488899000,1,0
'2026-05-29 18:45:18.584907600,0.488907600,1,1
'2026-05-29 18:45:18.584933800,0.488933800,1,0
'2026-05-29 18:45:18.584942400,0.488942400,1,1
'2026-05-29 18:45:18.584951200,0.488951200,1,0
'2026-05-29 18:45:18.584968400,0.488968400,1,1
'2026-05-29 18:45:18.584985800,0.488985800,1,0
'2026-05-29 18:45:18.585003200,0.489003200,1,1
'2026-05-29 18:45:18.585020600,0.489020600,1,0
'2026-05-29 18:45:18.585029200,0.489029200,1,1
'2026-05-29 18:45:18.585038000,0.489038000,1,0
'2026-05-29 18:45:18.585046600,0.489046600,1,1
'2026-05-29 18:45:19.582555000,1.486555000,1,0
'2026-05-29 18:45:19.582563600,1.486563600,1,1
'2026-05-29 18:45:19.582572400,1.486572400,1,0
'2026-05-29 18:45:19.582581000,1.486581000,1,1
'2026-05-29 18:45:19.582589600,1.486589600,1,0
'2026-05-29 18:45:19.582598400,1.486598400,1,1
'2026-05-29 18:45:19.582607000,1.486607000,1,0
'2026-05-29 18:45:19.582615800,1.486615800,1,1
'2026-05-29 18:45:19.582624400,1.486624400,1,0
'2026-05-29 18:45:19.582633200,1.486633200,1,1
'2026-05-29 18:45:19.582641800,1.486641800,1,0
'2026-05-29 18:45:19.582650400,1.486650400,1,1
'2026-05-29 18:45:19.582659200,1.486659200,1,0
'2026-05-29 18:45:19.582676600,1.486676600,1,1
'2026-05-29 18:45:19.582702600,1.486702600,1,0
'2026-05-29 18:45:19.582720000,1.486720000,1,1
'2026-05-29 18:45:19.582728600,1.486728600,1,0
'2026-05-29 18:45:19.582754800,1.486754800,1,1
'2026-05-29 18:45:19.582763400,1.486763400,1,0
'2026-05-29 18:45:19.582806800,1.486806800,1,1
'2026-05-29 18:45:19.582815600,1.486815600,1,0
'2026-05-29 18:45:19.582824200,1.486824200,1,1
'2026-05-29 18:45:19.582833000,1.486833000,1,0
'2026-05-29 18:45:19.582841600,1.486841600,1,1
'2026-05-29 18:45:19.582850400,1.486850400,1,0
'2026-05-29 18:45:19.582867600,1.486867600,1,1
'2026-05-29 18:45:19.582876400,1.486876400,1,0
'2026-05-29 18:45:19.582893800,1.486893800,1,1
'2026-05-29 18:45:19.582902400,1.486902400,1,0
'2026-05-29 18:45:19.582911200,1.486911200,1,1
'2026-05-29 18:45:19.582928600,1.486928600,1,0
'2026-05-29 18:45:19.582937200,1.486937200,1,1
'2026-05-29 18:45:19.582945800,1.486945800,1,0
'2026-05-29 18:45:19.582980600,1.486980600,1,1
'2026-05-29 18:45:19.582989400,1.486989400,1,0
'2026-05-29 18:45:19.583006600,1.487006600,1,1
'2026-05-29 18:45:19.583015400,1.487015400,1,0
'2026-05-29 18:45:19.583067400,1.487067400,1,1
'2026-05-29 18:45:19.583076200,1.487076200,1,0
'2026-05-29 18:45:19.583145600,1.487145600,1,1
'2026-05-29 18:45:19.583163000,1.487163000,1,0
'2026-05-29 18:45:19.583171800,1.487171800,1,1
'2026-05-29 18:45:19.583223800,1.487223800,1,0
'2026-05-29 18:45:19.583241200,1.487241200,1,1
'2026-05-29 18:45:19.583250000,1.487250000,1,0
'2026-05-29 18:45:19.583328000,1.487328000,1,1
'2026-05-29 18:45:19.583336800,1.487336800,1,0
'2026-05-29 18:45:19.583345400,1.487345400,1,1
'2026-05-29 18:45:19.583354200,1.487354200,1,0
'2026-05-29 18:45:19.583362800,1.487362800,1,1
'2026-05-29 18:45:19.583380200,1.487380200,1,0
'2026-05-29 18:45:19.583415000,1.487415000,1,1
'2026-05-29 18:45:19.583423600,1.487423600,1,0
'2026-05-29 18:45:19.583441000,1.487441000,1,1
'2026-05-29 18:45:19.583449800,1.487449800,1,0
'2026-05-29 18:45:19.583501800,1.487501800,1,1
'2026-05-29 18:45:19.583510600,1.487510600,1,0
'2026-05-29 18:45:19.583588800,1.487588800,1,1
'2026-05-29 18:45:19.583597400,1.487597400,1,0
'2026-05-29 18:45:19.583632200,1.487632200,1,1
'2026-05-29 18:45:19.583640800,1.487640800,1,0
'2026-05-29 18:45:19.583675600,1.487675600,1,1
'2026-05-29 18:45:19.583684400,1.487684400,1,0
'2026-05-29 18:45:19.583710400,1.487710400,1,1
'2026-05-29 18:45:19.583745200,1.487745200,1,0
'2026-05-29 18:45:19.583762400,1.487762400,1,1
'2026-05-29 18:45:19.583771200,1.487771200,1,0
'2026-05-29 18:45:19.583849400,1.487849400,1,1
'2026-05-29 18:45:19.583858000,1.487858000,1,0
'2026-05-29 18:45:19.583936200,1.487936200,1,1
'2026-05-29 18:45:19.583945000,1.487945000,1,0
'2026-05-29 18:45:19.583953600,1.487953600,1,1
'2026-05-29 18:45:19.583971000,1.487971000,1,0
'2026-05-29 18:45:19.584023000,1.488023000,1,1
'2026-05-29 18:45:19.584031800,1.488031800,1,0
'2026-05-29 18:45:19.584110000,1.488110000,1,1
'2026-05-29 18:45:19.584118600,1.488118600,1,0
'2026-05-29 18:45:19.584196800,1.488196800,1,1
'2026-05-29 18:45:19.584205600,1.488205600,1,0
'2026-05-29 18:45:19.584283800,1.488283800,1,1
'2026-05-29 18:45:19.584292400,1.488292400,1,0
'2026-05-29 18:45:19.584309800,1.488309800,1,1
'2026-05-29 18:45:19.584353200,1.488353200,1,0
'2026-05-29 18:45:19.584362000,1.488362000,1,1
'2026-05-29 18:45:19.584379400,1.488379400,1,0
'2026-05-29 18:45:19.584388000,1.488388000,1,1
'2026-05-29 18:45:19.584414000,1.488414000,1,0
'2026-05-29 18:45:19.584422800,1.488422800,1,1
'2026-05-29 18:45:19.584431400,1.488431400,1,0
'2026-05-29 18:45:19.584457400,1.488457400,1,1
'2026-05-29 18:45:19.584466200,1.488466200,1,0
'2026-05-29 18:45:19.584544400,1.488544400,1,1
'2026-05-29 18:45:19.584553000,1.488553000,1,0
'2026-05-29 18:45:19.584631200,1.488631200,1,1
'2026-05-29 18:45:19.584640000,1.488640000,1,0
'2026-05-29 18:45:19.584648600,1.488648600,1,1
'2026-05-29 18:45:19.584657400,1.488657400,1,0
'2026-05-29 18:45:19.584666000,1.488666000,1,1
'2026-05-29 18:45:19.584683400,1.488683400,1,0
'2026-05-29 18:45:19.584692000,1.488692000,1,1
'2026-05-29 18:45:19.584700800,1.488700800,1,0
'2026-05-29 18:45:19.584718200,1.488718200,1,1
'2026-05-29 18:45:19.584726800,1.488726800,1,0
'2026-05-29 18:45:19.584735600,1.488735600,1,1
'2026-05-29 18:45:19.584744200,1.488744200,1,0
'2026-05-29 18:45:19.584752800,1.488752800,1,1
'2026-05-29 18:45:19.584770200,1.488770200,1,0
'2026-05-29 18:45:19.584805000,1.488805000,1,1
'2026-05-29 18:45:19.584813800,1.488813800,1,0
'2026-05-29 18:45:19.584891800,1.488891800,1,1
'2026-05-29 18:45:19.584900600,1.488900600,1,0
'2026-05-29 18:45:19.584978800,1.488978800,1,1
'2026-05-29 18:45:19.584987400,1.488987400,1,0
'2026-05-29 18:45:19.585039600,1.489039600,1,1
'2026-05-29 18:45:19.585074400,1.489074400,1,0
'2026-05-29 18:45:19.585152600,1.489152600,1,1
'2026-05-29 18:45:19.585161200,1.489161200,1,0
'2026-05-29 18:45:19.585187200,1.489187200,1,1
'2026-05-29 18:45:19.585196000,1.489196000,1,0
'2026-05-29 18:45:19.585239400,1.489239400,1,1
'2026-05-29 18:45:19.585248200,1.489248200,1,0
'2026-05-29 18:45:19.585256800,1.489256800,1,1
'2026-05-29 18:45:19.585282800,1.489282800,1,0
'2026-05-29 18:45:19.585291600,1.489291600,1,1
'2026-05-29 18:45:19.585309000,1.489309000,1,0
'2026-05-29 18:45:19.585326200,1.489326200,1,1
'2026-05-29 18:45:19.585335000,1.489335000,1,0
'2026-05-29 18:45:19.585413200,1.489413200,1,1
'2026-05-29 18:45:19.585421800,1.489421800,1,0
'2026-05-29 18:45:19.585500000,1.489500000,1,1
'2026-05-29 18:45:19.585508800,1.489508800,1,0
'2026-05-29 18:45:19.585587000,1.489587000,1,1
'2026-05-29 18:45:19.585595600,1.489595600,1,0
'2026-05-29 18:45:19.585673800,1.489673800,1,1
'2026-05-29 18:45:19.585682600,1.489682600,1,0
'2026-05-29 18:45:19.585691200,1.489691200,1,1
'2026-05-29 18:45:19.585708600,1.489708600,1,0
'2026-05-29 18:45:19.585760600,1.489760600,1,1
'2026-05-29 18:45:19.585769400,1.489769400,1,0
'2026-05-29 18:45:19.585838800,1.489838800,1,1
'2026-05-29 18:45:19.585856200,1.489856200,1,0
'2026-05-29 18:45:19.585934400,1.489934400,1,1
'2026-05-29 18:45:19.585943200,1.489943200,1,0
'2026-05-29 18:45:19.586021400,1.490021400,1,1
'2026-05-29 18:45:19.586030000,1.490030000,1,0
'2026-05-29 18:45:19.586038800,1.490038800,1,1
'2026-05-29 18:45:19.586056000,1.490056000,1,0
'2026-05-29 18:45:19.586073400,1.490073400,1,1
'2026-05-29 18:45:19.586082200,1.490082200,1,0
'2026-05-29 18:45:19.586108200,1.490108200,1,1
'2026-05-29 18:45:19.586117000,1.490117000,1,0
'2026-05-29 18:45:19.586125600,1.490125600,1,1
'2026-05-29 18:45:19.586134200,1.490134200,1,0
'2026-05-29 18:45:19.586195000,1.490195000,1,1
'2026-05-29 18:45:19.586203800,1.490203800,1,0
'2026-05-29 18:45:19.586229800,1.490229800,1,1
'2026-05-29 18:45:19.586238600,1.490238600,1,0
'2026-05-29 18:45:19.586256000,1.490256000,1,1
'2026-05-29 18:45:19.586273200,1.490273200,1,0
'2026-05-29 18:45:19.586282000,1.490282000,1,1
'2026-05-29 18:45:19.586290600,1.490290600,1,0
'2026-05-29 18:45:19.586368800,1.490368800,1,1
'2026-05-29 18:45:19.586377600,1.490377600,1,0
'2026-05-29 18:45:19.586455800,1.490455800,1,1
'2026-05-29 18:45:19.586464400,1.490464400,1,0
'2026-05-29 18:45:19.586499200,1.490499200,1,1
'2026-05-29 18:45:19.586516600,1.490516600,1,0
'2026-05-29 18:45:19.586525200,1.490525200,1,1
'2026-05-29 18:45:19.586534000,1.490534000,1,0
'2026-05-29 18:45:19.586542600,1.490542600,1,1
'2026-05-29 18:45:19.586551400,1.490551400,1,0
'2026-05-29 18:45:19.586568600,1.490568600,1,1
'2026-05-29 18:45:19.586577400,1.490577400,1,0
'2026-05-29 18:45:19.586620800,1.490620800,1,1
'2026-05-29 18:45:19.586638200,1.490638200,1,0
'2026-05-29 18:45:19.586673000,1.490673000,1,1
'2026-05-29 18:45:19.586690400,1.490690400,1,0
'2026-05-29 18:45:19.586699000,1.490699000,1,1
'2026-05-29 18:45:19.586707600,1.490707600,1,0
'2026-05-29 18:45:19.586716400,1.490716400,1,1
'2026-05-29 18:45:19.586725000,1.490725000,1,0
'2026-05-29 18:45:19.586742400,1.490742400,1,1
'2026-05-29 18:45:19.586751200,1.490751200,1,0
'2026-05-29 18:45:19.586803200,1.490803200,1,1
'2026-05-29 18:45:19.586812000,1.490812000,1,0
'2026-05-29 18:45:19.586890200,1.490890200,1,1
'2026-05-29 18:45:19.586898800,1.490898800,1,0
'2026-05-29 18:45:19.586977000,1.490977000,1,1
'2026-05-29 18:45:19.586985800,1.490985800,1,0
'2026-05-29 18:45:19.586994400,1.490994400,1,1
'2026-05-29 18:45:19.587055200,1.491055200,1,0
'2026-05-29 18:45:19.587063800,1.491063800,1,1
'2026-05-29 18:45:19.587072600,1.491072600,1,0
'2026-05-29 18:45:19.587081200,1.491081200,1,1
'2026-05-29 18:45:19.587090000,1.491090000,1,0
'2026-05-29 18:45:19.587142000,1.491142000,1,1
'2026-05-29 18:45:19.587159400,1.491159400,1,0
'2026-05-29 18:45:19.587168200,1.491168200,1,1
'2026-05-29 18:45:19.587176800,1.491176800,1,0
'2026-05-29 18:45:19.587194200,1.491194200,1,1
'2026-05-29 18:45:19.587202800,1.491202800,1,0
'2026-05-29 18:45:19.587211600,1.491211600,1,1
'2026-05-29 18:45:19.587220200,1.491220200,1,0
'2026-05-29 18:45:19.587237600,1.491237600,1,1
'2026-05-29 18:45:19.587246400,1.491246400,1,0
'2026-05-29 18:45:19.587255000,1.491255000,1,1
'2026-05-29 18:45:19.587272400,1.491272400,1,0
'2026-05-29 18:45:19.587324600,1.491324600,1,1
'2026-05-29 18:45:19.587333200,1.491333200,1,0
'2026-05-29 18:45:19.587341800,1.491341800,1,1
'2026-05-29 18:45:19.587359200,1.491359200,1,0
'2026-05-29 18:45:19.587368000,1.491368000,1,1
'2026-05-29 18:45:19.587385400,1.491385400,1,0
'2026-05-29 18:45:19.587394000,1.491394000,1,1
'2026-05-29 18:45:19.587420000,1.491420000,1,0
'2026-05-29 18:45:19.587437400,1.491437400,1,1
'2026-05-29 18:45:19.587454800,1.491454800,1,0
'2026-05-29 18:45:19.587472200,1.491472200,1,1
'2026-05-29 18:45:19.587489600,1.491489600,1,0
'2026-05-29 18:45:19.587498200,1.491498200,1,1
'2026-05-29 18:45:20.584755000,2.488755000,1,0
'2026-05-29 18:45:20.584763600,2.488763600,1,1
'2026-05-29 18:45:20.584772200,2.488772200,1,0
'2026-05-29 18:45:20.584781000,2.488781000,1,1
'2026-05-29 18:45:20.584789600,2.488789600,1,0
'2026-05-29 18:45:20.584798400,2.488798400,1,1
'2026-05-29 18:45:20.584807000,2.488807000,1,0
'2026-05-29 18:45:20.584815800,2.488815800,1,1
'2026-05-29 18:45:20.584824400,2.488824400,1,0
'2026-05-29 18:45:20.584833000,2.488833000,1,1
'2026-05-29 18:45:20.584841800,2.488841800,1,0
'2026-05-29 18:45:20.584850400,2.488850400,1,1
'2026-05-29 18:45:20.584859200,2.488859200,1,0
'2026-05-29 18:45:20.584876600,2.488876600,1,1
'2026-05-29 18:45:20.584902600,2.488902600,1,0
'2026-05-29 18:45:20.584920000,2.488920000,1,1
'2026-05-29 18:45:20.584928600,2.488928600,1,0
'2026-05-29 18:45:20.584954800,2.488954800,1,1
'2026-05-29 18:45:20.584963400,2.488963400,1,0
'2026-05-29 18:45:20.585006800,2.489006800,1,1
'2026-05-29 18:45:20.585015600,2.489015600,1,0
'2026-05-29 18:45:20.585024200,2.489024200,1,1
'2026-05-29 18:45:20.585033000,2.489033000,1,0
'2026-05-29 18:45:20.585041600,2.489041600,1,1
'2026-05-29 18:45:20.585050400,2.489050400,1,0
'2026-05-29 18:45:20.585067600,2.489067600,1,1
'2026-05-29 18:45:20.585076400,2.489076400,1,0
'2026-05-29 18:45:20.585093800,2.489093800,1,1
'2026-05-29 18:45:20.585102400,2.489102400,1,0
'2026-05-29 18:45:20.585111200,2.489111200,1,1
'2026-05-29 18:45:20.585128600,2.489128600,1,0
'2026-05-29 18:45:20.585137200,2.489137200,1,1
'2026-05-29 18:45:20.585146000,2.489146000,1,0
'2026-05-29 18:45:20.585180600,2.489180600,1,1
'2026-05-29 18:45:20.585189400,2.489189400,1,0
'2026-05-29 18:45:20.585206800,2.489206800,1,1
'2026-05-29 18:45:20.585215400,2.489215400,1,0
'2026-05-29 18:45:20.585267600,2.489267600,1,1
'2026-05-29 18:45:20.585276200,2.489276200,1,0
'2026-05-29 18:45:20.585345800,2.489345800,1,1
'2026-05-29 18:45:20.585363200,2.489363200,1,0
'2026-05-29 18:45:20.585371800,2.489371800,1,1
'2026-05-29 18:45:20.585424000,2.489424000,1,0
'2026-05-29 18:45:20.585441400,2.489441400,1,1
'2026-05-29 18:45:20.585450000,2.489450000,1,0
'2026-05-29 18:45:20.585528200,2.489528200,1,1
'2026-05-29 18:45:20.585537000,2.489537000,1,0
'2026-05-29 18:45:20.585545600,2.489545600,1,1
'2026-05-29 18:45:20.585554400,2.489554400,1,0
'2026-05-29 18:45:20.585563000,2.489563000,1,1
'2026-05-29 18:45:20.585580400,2.489580400,1,0
'2026-05-29 18:45:20.585615200,2.489615200,1,1
'2026-05-29 18:45:20.585623800,2.489623800,1,0
'2026-05-29 18:45:20.585641200,2.489641200,1,1
'2026-05-29 18:45:20.585649800,2.489649800,1,0
'2026-05-29 18:45:20.585702000,2.489702000,1,1
'2026-05-29 18:45:20.585710800,2.489710800,1,0
'2026-05-29 18:45:20.585788800,2.489788800,1,1
'2026-05-29 18:45:20.585797600,2.489797600,1,0
'2026-05-29 18:45:20.585806200,2.489806200,1,1
'2026-05-29 18:45:20.585832400,2.489832400,1,0
'2026-05-29 18:45:20.585875800,2.489875800,1,1
'2026-05-29 18:45:20.585884400,2.489884400,1,0
'2026-05-29 18:45:20.585910600,2.489910600,1,1
'2026-05-29 18:45:20.585945400,2.489945400,1,0
'2026-05-29 18:45:20.585962600,2.489962600,1,1
'2026-05-29 18:45:20.585971400,2.489971400,1,0
'2026-05-29 18:45:20.586049600,2.490049600,1,1
'2026-05-29 18:45:20.586058200,2.490058200,1,0
'2026-05-29 18:45:20.586136400,2.490136400,1,1
'2026-05-29 18:45:20.586145200,2.490145200,1,0
'2026-05-29 18:45:20.586153800,2.490153800,1,1
'2026-05-29 18:45:20.586171200,2.490171200,1,0
'2026-05-29 18:45:20.586223400,2.490223400,1,1
'2026-05-29 18:45:20.586232000,2.490232000,1,0
'2026-05-29 18:45:20.586310200,2.490310200,1,1
'2026-05-29 18:45:20.586319000,2.490319000,1,0
'2026-05-29 18:45:20.586397200,2.490397200,1,1
'2026-05-29 18:45:20.586405800,2.490405800,1,0
'2026-05-29 18:45:20.586484000,2.490484000,1,1
'2026-05-29 18:45:20.586492800,2.490492800,1,0
'2026-05-29 18:45:20.586510000,2.490510000,1,1
'2026-05-29 18:45:20.586553600,2.490553600,1,0
'2026-05-29 18:45:20.586562200,2.490562200,1,1
'2026-05-29 18:45:20.586579600,2.490579600,1,0
'2026-05-29 18:45:20.586588200,2.490588200,1,1
'2026-05-29 18:45:20.586614400,2.490614400,1,0
'2026-05-29 18:45:20.586623000,2.490623000,1,1
'2026-05-29 18:45:20.586631800,2.490631800,1,0
'2026-05-29 18:45:20.586657800,2.490657800,1,1
'2026-05-29 18:45:20.586666600,2.490666600,1,0
'2026-05-29 18:45:20.586744600,2.490744600,1,1
'2026-05-29 18:45:20.586753400,2.490753400,1,0
'2026-05-29 18:45:20.586831600,2.490831600,1,1
'2026-05-29 18:45:20.586840200,2.490840200,1,0
'2026-05-29 18:45:20.586849000,2.490849000,1,1
'2026-05-29 18:45:20.586857600,2.490857600,1,0
'2026-05-29 18:45:20.586866400,2.490866400,1,1
'2026-05-29 18:45:20.586883800,2.490883800,1,0
'2026-05-29 18:45:20.586892400,2.490892400,1,1
'2026-05-29 18:45:20.586901000,2.490901000,1,0
'2026-05-29 18:45:20.586918400,2.490918400,1,1
'2026-05-29 18:45:20.586927200,2.490927200,1,0
'2026-05-29 18:45:20.586935800,2.490935800,1,1
'2026-05-29 18:45:20.586944600,2.490944600,1,0
'2026-05-29 18:45:20.586953200,2.490953200,1,1
'2026-05-29 18:45:20.586970600,2.490970600,1,0
'2026-05-29 18:45:20.587005400,2.491005400,1,1
'2026-05-29 18:45:20.587014000,2.491014000,1,0
'2026-05-29 18:45:20.587092200,2.491092200,1,1
'2026-05-29 18:45:20.587101000,2.491101000,1,0
'2026-05-29 18:45:20.587179200,2.491179200,1,1
'2026-05-29 18:45:20.587187800,2.491187800,1,0
'2026-05-29 18:45:20.587240000,2.491240000,1,1
'2026-05-29 18:45:20.587274800,2.491274800,1,0
'2026-05-29 18:45:20.587352800,2.491352800,1,1
'2026-05-29 18:45:20.587361600,2.491361600,1,0
'2026-05-29 18:45:20.587387600,2.491387600,1,1
'2026-05-29 18:45:20.587396400,2.491396400,1,0
'2026-05-29 18:45:20.587439800,2.491439800,1,1
'2026-05-29 18:45:20.587448400,2.491448400,1,0
'2026-05-29 18:45:20.587457200,2.491457200,1,1
'2026-05-29 18:45:20.587483200,2.491483200,1,0
'2026-05-29 18:45:20.587492000,2.491492000,1,1
'2026-05-29 18:45:20.587509400,2.491509400,1,0
'2026-05-29 18:45:20.587526600,2.491526600,1,1
'2026-05-29 18:45:20.587535400,2.491535400,1,0
'2026-05-29 18:45:20.587613600,2.491613600,1,1
'2026-05-29 18:45:20.587622200,2.491622200,1,0
'2026-05-29 18:45:20.587700400,2.491700400,1,1
'2026-05-29 18:45:20.587709200,2.491709200,1,0
'2026-05-29 18:45:20.587787400,2.491787400,1,1
'2026-05-29 18:45:20.587796000,2.491796000,1,0
'2026-05-29 18:45:20.587874200,2.491874200,1,1
'2026-05-29 18:45:20.587883000,2.491883000,1,0
'2026-05-29 18:45:20.587891600,2.491891600,1,1
'2026-05-29 18:45:20.587909000,2.491909000,1,0
'2026-05-29 18:45:20.587961200,2.491961200,1,1
'2026-05-29 18:45:20.587969800,2.491969800,1,0
'2026-05-29 18:45:20.588039400,2.492039400,1,1
'2026-05-29 18:45:20.588056800,2.492056800,1,0
'2026-05-29 18:45:20.588134800,2.492134800,1,1
'2026-05-29 18:45:20.588143600,2.492143600,1,0
'2026-05-29 18:45:20.588221800,2.492221800,1,1
'2026-05-29 18:45:20.588230400,2.492230400,1,0
'2026-05-29 18:45:20.588239200,2.492239200,1,1
'2026-05-29 18:45:20.588256600,2.492256600,1,0
'2026-05-29 18:45:20.588274000,2.492274000,1,1
'2026-05-29 18:45:20.588282600,2.492282600,1,0
'2026-05-29 18:45:20.588308600,2.492308600,1,1
'2026-05-29 18:45:20.588317400,2.492317400,1,0
'2026-05-29 18:45:20.588326000,2.492326000,1,1
'2026-05-29 18:45:20.588334800,2.492334800,1,0
'2026-05-29 18:45:20.588395600,2.492395600,1,1
'2026-05-29 18:45:20.588404200,2.492404200,1,0
'2026-05-29 18:45:20.588430400,2.492430400,1,1
'2026-05-29 18:45:20.588439000,2.492439000,1,0
'2026-05-29 18:45:20.588456400,2.492456400,1,1
'2026-05-29 18:45:20.588473800,2.492473800,1,0
'2026-05-29 18:45:20.588482400,2.492482400,1,1
'2026-05-29 18:45:20.588491200,2.492491200,1,0
'2026-05-29 18:45:20.588569400,2.492569400,1,1
'2026-05-29 18:45:20.588578000,2.492578000,1,0
'2026-05-29 18:45:20.588656200,2.492656200,1,1
'2026-05-29 18:45:20.588665000,2.492665000,1,0
'2026-05-29 18:45:20.588699600,2.492699600,1,1
'2026-05-29 18:45:20.588717000,2.492717000,1,0
'2026-05-29 18:45:20.588725800,2.492725800,1,1
'2026-05-29 18:45:20.588734400,2.492734400,1,0
'2026-05-29 18:45:20.588743200,2.492743200,1,1
'2026-05-29 18:45:20.588751800,2.492751800,1,0
'2026-05-29 18:45:20.588769200,2.492769200,1,1
'2026-05-29 18:45:20.588777800,2.492777800,1,0
'2026-05-29 18:45:20.588821400,2.492821400,1,1
'2026-05-29 18:45:20.588838600,2.492838600,1,0
'2026-05-29 18:45:20.588873400,2.492873400,1,1
'2026-05-29 18:45:20.588890800,2.492890800,1,0
'2026-05-29 18:45:20.588899600,2.492899600,1,1
'2026-05-29 18:45:20.588908200,2.492908200,1,0
'2026-05-29 18:45:20.588916800,2.492916800,1,1
'2026-05-29 18:45:20.588925600,2.492925600,1,0
'2026-05-29 18:45:20.588943000,2.492943000,1,1
'2026-05-29 18:45:20.588951600,2.492951600,1,0
'2026-05-29 18:45:20.589003800,2.493003800,1,1
'2026-05-29 18:45:20.589012400,2.493012400,1,0
'2026-05-29 18:45:20.589090600,2.493090600,1,1
'2026-05-29 18:45:20.589099400,2.493099400,1,0
'2026-05-29 18:45:20.589177600,2.493177600,1,1
'2026-05-29 18:45:20.589186200,2.493186200,1,0
'2026-05-29 18:45:20.589195000,2.493195000,1,1
'2026-05-29 18:45:20.589255800,2.493255800,1,0
'2026-05-29 18:45:20.589264400,2.493264400,1,1
'2026-05-29 18:45:20.589273200,2.493273200,1,0
'2026-05-29 18:45:20.589281800,2.493281800,1,1
'2026-05-29 18:45:20.589290600,2.493290600,1,0
'2026-05-29 18:45:20.589342600,2.493342600,1,1
'2026-05-29 18:45:20.589360000,2.493360000,1,0
'2026-05-29 18:45:20.589368800,2.493368800,1,1
'2026-05-29 18:45:20.589377400,2.493377400,1,0
'2026-05-29 18:45:20.589394800,2.493394800,1,1
'2026-05-29 18:45:20.589403400,2.493403400,1,0
'2026-05-29 18:45:20.589412200,2.493412200,1,1
'2026-05-29 18:45:20.589420800,2.493420800,1,0
'2026-05-29 18:45:20.589438200,2.493438200,1,1
'2026-05-29 18:45:20.589447000,2.493447000,1,0
'2026-05-29 18:45:20.589455600,2.493455600,1,1
'2026-05-29 18:45:20.589473000,2.493473000,1,0
'2026-05-29 18:45:20.589525000,2.493525000,1,1
'2026-05-29 18:45:20.589533800,2.493533800,1,0
'2026-05-29 18:45:20.589542400,2.493542400,1,1
'2026-05-29 18:45:20.589551200,2.493551200,1,0
'2026-05-29 18:45:20.589559800,2.493559800,1,1
'2026-05-29 18:45:20.589568600,2.493568600,1,0
'2026-05-29 18:45:20.589603200,2.493603200,1,1
'2026-05-29 18:45:20.589620600,2.493620600,1,0
'2026-05-29 18:45:20.589629400,2.493629400,1,1
'2026-05-29 18:45:20.589655400,2.493655400,1,0
'2026-05-29 18:45:20.589698800,2.493698800,1,1
'2026-05-29 18:45:21.587534000,3.491534000,1,0
'2026-05-29 18:45:21.587542600,3.491542600,1,1
'2026-05-29 18:45:21.587551200,3.491551200,1,0
'2026-05-29 18:45:21.587560000,3.491560000,1,1
'2026-05-29 18:45:21.587568600,3.491568600,1,0
'2026-05-29 18:45:21.587577400,3.491577400,1,1
'2026-05-29 18:45:21.587586000,3.491586000,1,0
'2026-05-29 18:45:21.587594800,3.491594800,1,1
'2026-05-29 18:45:21.587603400,3.491603400,1,0
'2026-05-29 18:45:21.587612000,3.491612000,1,1
'2026-05-29 18:45:21.587620800,3.491620800,1,0
'2026-05-29 18:45:21.587629400,3.491629400,1,1
'2026-05-29 18:45:21.587638200,3.491638200,1,0
'2026-05-29 18:45:21.587655600,3.491655600,1,1
'2026-05-29 18:45:21.587681600,3.491681600,1,0
'2026-05-29 18:45:21.587699000,3.491699000,1,1
'2026-05-29 18:45:21.587707600,3.491707600,1,0
'2026-05-29 18:45:21.587733800,3.491733800,1,1
'2026-05-29 18:45:21.587742400,3.491742400,1,0
'2026-05-29 18:45:21.587785800,3.491785800,1,1
'2026-05-29 18:45:21.587794600,3.491794600,1,0
'2026-05-29 18:45:21.587803200,3.491803200,1,1
'2026-05-29 18:45:21.587812000,3.491812000,1,0
'2026-05-29 18:45:21.587820600,3.491820600,1,1
'2026-05-29 18:45:21.587829400,3.491829400,1,0
'2026-05-29 18:45:21.587846600,3.491846600,1,1
'2026-05-29 18:45:21.587855400,3.491855400,1,0
'2026-05-29 18:45:21.587872800,3.491872800,1,1
'2026-05-29 18:45:21.587881400,3.491881400,1,0
'2026-05-29 18:45:21.587890200,3.491890200,1,1
'2026-05-29 18:45:21.587907600,3.491907600,1,0
'2026-05-29 18:45:21.587916200,3.491916200,1,1
'2026-05-29 18:45:21.587924800,3.491924800,1,0
'2026-05-29 18:45:21.587959600,3.491959600,1,1
'2026-05-29 18:45:21.587968400,3.491968400,1,0
'2026-05-29 18:45:21.587985600,3.491985600,1,1
'2026-05-29 18:45:21.587994400,3.491994400,1,0
'2026-05-29 18:45:21.588046600,3.492046600,1,1
'2026-05-29 18:45:21.588055200,3.492055200,1,0
'2026-05-29 18:45:21.588124800,3.492124800,1,1
'2026-05-29 18:45:21.588142000,3.492142000,1,0
'2026-05-29 18:45:21.588150800,3.492150800,1,1
'2026-05-29 18:45:21.588203000,3.492203000,1,0
'2026-05-29 18:45:21.588220200,3.492220200,1,1
'2026-05-29 18:45:21.588229000,3.492229000,1,0
'2026-05-29 18:45:21.588307200,3.492307200,1,1
'2026-05-29 18:45:21.588315800,3.492315800,1,0
'2026-05-29 18:45:21.588324600,3.492324600,1,1
'2026-05-29 18:45:21.588333200,3.492333200,1,0
'2026-05-29 18:45:21.588342000,3.492342000,1,1
'2026-05-29 18:45:21.588359400,3.492359400,1,0
'2026-05-29 18:45:21.588394000,3.492394000,1,1
'2026-05-29 18:45:21.588402800,3.492402800,1,0
'2026-05-29 18:45:21.588420200,3.492420200,1,1
'2026-05-29 18:45:21.588428800,3.492428800,1,0
'2026-05-29 18:45:21.588481000,3.492481000,1,1
'2026-05-29 18:45:21.588489600,3.492489600,1,0
'2026-05-29 18:45:21.588567800,3.492567800,1,1
'2026-05-29 18:45:21.588576600,3.492576600,1,0
'2026-05-29 18:45:21.588585200,3.492585200,1,1
'2026-05-29 18:45:21.588611200,3.492611200,1,0
'2026-05-29 18:45:21.588654600,3.492654600,1,1
'2026-05-29 18:45:21.588663400,3.492663400,1,0
'2026-05-29 18:45:21.588689400,3.492689400,1,1
'2026-05-29 18:45:21.588724200,3.492724200,1,0
'2026-05-29 18:45:21.588741600,3.492741600,1,1
'2026-05-29 18:45:21.588750200,3.492750200,1,0
'2026-05-29 18:45:21.588828400,3.492828400,1,1
'2026-05-29 18:45:21.588837200,3.492837200,1,0
'2026-05-29 18:45:21.588915400,3.492915400,1,1
'2026-05-29 18:45:21.588924000,3.492924000,1,0
'2026-05-29 18:45:21.588932800,3.492932800,1,1
'2026-05-29 18:45:21.588950000,3.492950000,1,0
'2026-05-29 18:45:21.589002200,3.493002200,1,1
'2026-05-29 18:45:21.589011000,3.493011000,1,0
'2026-05-29 18:45:21.589089000,3.493089000,1,1
'2026-05-29 18:45:21.589097800,3.493097800,1,0
'2026-05-29 18:45:21.589176000,3.493176000,1,1
'2026-05-29 18:45:21.589184600,3.493184600,1,0
'2026-05-29 18:45:21.589262800,3.493262800,1,1
'2026-05-29 18:45:21.589271600,3.493271600,1,0
'2026-05-29 18:45:21.589289000,3.493289000,1,1
'2026-05-29 18:45:21.589332400,3.493332400,1,0
'2026-05-29 18:45:21.589341000,3.493341000,1,1
'2026-05-29 18:45:21.589358400,3.493358400,1,0
'2026-05-29 18:45:21.589367200,3.493367200,1,1
'2026-05-29 18:45:21.589393200,3.493393200,1,0
'2026-05-29 18:45:21.589401800,3.493401800,1,1
'2026-05-29 18:45:21.589410600,3.493410600,1,0
'2026-05-29 18:45:21.589436600,3.493436600,1,1
'2026-05-29 18:45:21.589445400,3.493445400,1,0
'2026-05-29 18:45:21.589523600,3.493523600,1,1
'2026-05-29 18:45:21.589532200,3.493532200,1,0
'2026-05-29 18:45:21.589610400,3.493610400,1,1
'2026-05-29 18:45:21.589619000,3.493619000,1,0
'2026-05-29 18:45:21.589627800,3.493627800,1,1
'2026-05-29 18:45:21.589636400,3.493636400,1,0
'2026-05-29 18:45:21.589645200,3.493645200,1,1
'2026-05-29 18:45:21.589662600,3.493662600,1,0
'2026-05-29 18:45:21.589671200,3.493671200,1,1
'2026-05-29 18:45:21.589680000,3.493680000,1,0
'2026-05-29 18:45:21.589697200,3.493697200,1,1
'2026-05-29 18:45:21.589706000,3.493706000,1,0
'2026-05-29 18:45:21.589714600,3.493714600,1,1
'2026-05-29 18:45:21.589723400,3.493723400,1,0
'2026-05-29 18:45:21.589732000,3.493732000,1,1
'2026-05-29 18:45:21.589749400,3.493749400,1,0
'2026-05-29 18:45:21.589784200,3.493784200,1,1
'2026-05-29 18:45:21.589792800,3.493792800,1,0
'2026-05-29 18:45:21.589871000,3.493871000,1,1
'2026-05-29 18:45:21.589879800,3.493879800,1,0
'2026-05-29 18:45:21.589958000,3.493958000,1,1
'2026-05-29 18:45:21.589966600,3.493966600,1,0
'2026-05-29 18:45:21.590018800,3.494018800,1,1
'2026-05-29 18:45:21.590053600,3.494053600,1,0
'2026-05-29 18:45:21.590131600,3.494131600,1,1
'2026-05-29 18:45:21.590140400,3.494140400,1,0
'2026-05-29 18:45:21.590166400,3.494166400,1,1
'2026-05-29 18:45:21.590175200,3.494175200,1,0
'2026-05-29 18:45:21.590218600,3.494218600,1,1
'2026-05-29 18:45:21.590227200,3.494227200,1,0
'2026-05-29 18:45:21.590236000,3.494236000,1,1
'2026-05-29 18:45:21.590262000,3.494262000,1,0
'2026-05-29 18:45:21.590270800,3.494270800,1,1
'2026-05-29 18:45:21.590288200,3.494288200,1,0
'2026-05-29 18:45:21.590305400,3.494305400,1,1
'2026-05-29 18:45:21.590314200,3.494314200,1,0
'2026-05-29 18:45:21.590392400,3.494392400,1,1
'2026-05-29 18:45:21.590401000,3.494401000,1,0
'2026-05-29 18:45:21.590479200,3.494479200,1,1
'2026-05-29 18:45:21.590488000,3.494488000,1,0
'2026-05-29 18:45:21.590566200,3.494566200,1,1
'2026-05-29 18:45:21.590574800,3.494574800,1,0
'2026-05-29 18:45:21.590653000,3.494653000,1,1
'2026-05-29 18:45:21.590661800,3.494661800,1,0
'2026-05-29 18:45:21.590670400,3.494670400,1,1
'2026-05-29 18:45:21.590687800,3.494687800,1,0
'2026-05-29 18:45:21.590739800,3.494739800,1,1
'2026-05-29 18:45:21.590748600,3.494748600,1,0
'2026-05-29 18:45:21.590818000,3.494818000,1,1
'2026-05-29 18:45:21.590835400,3.494835400,1,0
'2026-05-29 18:45:21.590913600,3.494913600,1,1
'2026-05-29 18:45:21.590922400,3.494922400,1,0
'2026-05-29 18:45:21.591000600,3.495000600,1,1
'2026-05-29 18:45:21.591009200,3.495009200,1,0
'2026-05-29 18:45:21.591018000,3.495018000,1,1
'2026-05-29 18:45:21.591035400,3.495035400,1,0
'2026-05-29 18:45:21.591052600,3.495052600,1,1
'2026-05-29 18:45:21.591061400,3.495061400,1,0
'2026-05-29 18:45:21.591087400,3.495087400,1,1
'2026-05-29 18:45:21.591096200,3.495096200,1,0
'2026-05-29 18:45:21.591104800,3.495104800,1,1
'2026-05-29 18:45:21.591113600,3.495113600,1,0
'2026-05-29 18:45:21.591174400,3.495174400,1,1
'2026-05-29 18:45:21.591183000,3.495183000,1,0
'2026-05-29 18:45:21.591209000,3.495209000,1,1
'2026-05-29 18:45:21.591217800,3.495217800,1,0
'2026-05-29 18:45:21.591235200,3.495235200,1,1
'2026-05-29 18:45:21.591252600,3.495252600,1,0
'2026-05-29 18:45:21.591261200,3.495261200,1,1
'2026-05-29 18:45:21.591270000,3.495270000,1,0
'2026-05-29 18:45:21.591348200,3.495348200,1,1
'2026-05-29 18:45:21.591356800,3.495356800,1,0
'2026-05-29 18:45:21.591435000,3.495435000,1,1
'2026-05-29 18:45:21.591443600,3.495443600,1,0
'2026-05-29 18:45:21.591478400,3.495478400,1,1
'2026-05-29 18:45:21.591495800,3.495495800,1,0
'2026-05-29 18:45:21.591504600,3.495504600,1,1
'2026-05-29 18:45:21.591513200,3.495513200,1,0
'2026-05-29 18:45:21.591521800,3.495521800,1,1
'2026-05-29 18:45:21.591530600,3.495530600,1,0
'2026-05-29 18:45:21.591548000,3.495548000,1,1
'2026-05-29 18:45:21.591556600,3.495556600,1,0
'2026-05-29 18:45:21.591600000,3.495600000,1,1
'2026-05-29 18:45:21.591617400,3.495617400,1,0
'2026-05-29 18:45:21.591652200,3.495652200,1,1
'2026-05-29 18:45:21.591669600,3.495669600,1,0
'2026-05-29 18:45:21.591678200,3.495678200,1,1
'2026-05-29 18:45:21.591687000,3.495687000,1,0
'2026-05-29 18:45:21.591695600,3.495695600,1,1
'2026-05-29 18:45:21.591704400,3.495704400,1,0
'2026-05-29 18:45:21.591721800,3.495721800,1,1
'2026-05-29 18:45:21.591730400,3.495730400,1,0
'2026-05-29 18:45:21.591782600,3.495782600,1,1
'2026-05-29 18:45:21.591791200,3.495791200,1,0
'2026-05-29 18:45:21.591869400,3.495869400,1,1
'2026-05-29 18:45:21.591878200,3.495878200,1,0
'2026-05-29 18:45:21.591956200,3.495956200,1,1
'2026-05-29 18:45:21.591965000,3.495965000,1,0
'2026-05-29 18:45:21.591973600,3.495973600,1,1
'2026-05-29 18:45:21.592034600,3.496034600,1,0
'2026-05-29 18:45:21.592043200,3.496043200,1,1
'2026-05-29 18:45:21.592051800,3.496051800,1,0
'2026-05-29 18:45:21.592060600,3.496060600,1,1
'2026-05-29 18:45:21.592069200,3.496069200,1,0
'2026-05-29 18:45:21.592121400,3.496121400,1,1
'2026-05-29 18:45:21.592138800,3.496138800,1,0
'2026-05-29 18:45:21.592147400,3.496147400,1,1
'2026-05-29 18:45:21.592156200,3.496156200,1,0
'2026-05-29 18:45:21.592173600,3.496173600,1,1
'2026-05-29 18:45:21.592182200,3.496182200,1,0
'2026-05-29 18:45:21.592190800,3.496190800,1,1
'2026-05-29 18:45:21.592199600,3.496199600,1,0
'2026-05-29 18:45:21.592217000,3.496217000,1,1
'2026-05-29 18:45:21.592225600,3.496225600,1,0
'2026-05-29 18:45:21.592234400,3.496234400,1,1
'2026-05-29 18:45:21.592251800,3.496251800,1,0
'2026-05-29 18:45:21.592303800,3.496303800,1,1
'2026-05-29 18:45:21.592312600,3.496312600,1,0
'2026-05-29 18:45:21.592321200,3.496321200,1,1
'2026-05-29 18:45:21.592330000,3.496330000,1,0
'2026-05-29 18:45:21.592338600,3.496338600,1,1
'2026-05-29 18:45:21.592347200,3.496347200,1,0
'2026-05-29 18:45:21.592382000,3.496382000,1,1
'2026-05-29 18:45:21.592399400,3.496399400,1,0
'2026-05-29 18:45:21.592408000,3.496408000,1,1
'2026-05-29 18:45:21.592434200,3.496434200,1,0
'2026-05-29 18:45:21.592477600,3.496477600,1,1
'2026-05-29 18:45:22.589766600,4.493766600,1,0
'2026-05-29 18:45:22.589775400,4.493775400,1,1
'2026-05-29 18:45:22.589784000,4.493784000,1,0
'2026-05-29 18:45:22.589792800,4.493792800,1,1
'2026-05-29 18:45:22.589801400,4.493801400,1,0
'2026-05-29 18:45:22.589810200,4.493810200,1,1
'2026-05-29 18:45:22.589818800,4.493818800,1,0
'2026-05-29 18:45:22.589827400,4.493827400,1,1
'2026-05-29 18:45:22.589836200,4.493836200,1,0
'2026-05-29 18:45:22.589844800,4.493844800,1,1
'2026-05-29 18:45:22.589853600,4.493853600,1,0
'2026-05-29 18:45:22.589862200,4.493862200,1,1
'2026-05-29 18:45:22.589871000,4.493871000,1,0
'2026-05-29 18:45:22.589888400,4.493888400,1,1
'2026-05-29 18:45:22.589914400,4.493914400,1,0
'2026-05-29 18:45:22.589931800,4.493931800,1,1
'2026-05-29 18:45:22.589940400,4.493940400,1,0
'2026-05-29 18:45:22.589966400,4.493966400,1,1
'2026-05-29 18:45:22.589975200,4.493975200,1,0
'2026-05-29 18:45:22.590018600,4.494018600,1,1
'2026-05-29 18:45:22.590027400,4.494027400,1,0
'2026-05-29 18:45:22.590036000,4.494036000,1,1
'2026-05-29 18:45:22.590044600,4.494044600,1,0
'2026-05-29 18:45:22.590053400,4.494053400,1,1
'2026-05-29 18:45:22.590062000,4.494062000,1,0
'2026-05-29 18:45:22.590079400,4.494079400,1,1
'2026-05-29 18:45:22.590088200,4.494088200,1,0
'2026-05-29 18:45:22.590105400,4.494105400,1,1
'2026-05-29 18:45:22.590114200,4.494114200,1,0
'2026-05-29 18:45:22.590122800,4.494122800,1,1
'2026-05-29 18:45:22.590140200,4.494140200,1,0
'2026-05-29 18:45:22.590149000,4.494149000,1,1
'2026-05-29 18:45:22.590157600,4.494157600,1,0
'2026-05-29 18:45:22.590192400,4.494192400,1,1
'2026-05-29 18:45:22.590201000,4.494201000,1,0
'2026-05-29 18:45:22.590218400,4.494218400,1,1
'2026-05-29 18:45:22.590227200,4.494227200,1,0
'2026-05-29 18:45:22.590279200,4.494279200,1,1
'2026-05-29 18:45:22.590288000,4.494288000,1,0
'2026-05-29 18:45:22.590357400,4.494357400,1,1
'2026-05-29 18:45:22.590374800,4.494374800,1,0
'2026-05-29 18:45:22.590383600,4.494383600,1,1
'2026-05-29 18:45:22.590435600,4.494435600,1,0
'2026-05-29 18:45:22.590453000,4.494453000,1,1
'2026-05-29 18:45:22.590461800,4.494461800,1,0
'2026-05-29 18:45:22.590540000,4.494540000,1,1
'2026-05-29 18:45:22.590548600,4.494548600,1,0
'2026-05-29 18:45:22.590557200,4.494557200,1,1
'2026-05-29 18:45:22.590566000,4.494566000,1,0
'2026-05-29 18:45:22.590574600,4.494574600,1,1
'2026-05-29 18:45:22.590592000,4.494592000,1,0
'2026-05-29 18:45:22.590626800,4.494626800,1,1
'2026-05-29 18:45:22.590635400,4.494635400,1,0
'2026-05-29 18:45:22.590652800,4.494652800,1,1
'2026-05-29 18:45:22.590661600,4.494661600,1,0
'2026-05-29 18:45:22.590713600,4.494713600,1,1
'2026-05-29 18:45:22.590722400,4.494722400,1,0
'2026-05-29 18:45:22.590800600,4.494800600,1,1
'2026-05-29 18:45:22.590809200,4.494809200,1,0
'2026-05-29 18:45:22.590818000,4.494818000,1,1
'2026-05-29 18:45:22.590844000,4.494844000,1,0
'2026-05-29 18:45:22.590887400,4.494887400,1,1
'2026-05-29 18:45:22.590896200,4.494896200,1,0
'2026-05-29 18:45:22.590922200,4.494922200,1,1
'2026-05-29 18:45:22.590957000,4.494957000,1,0
'2026-05-29 18:45:22.590974400,4.494974400,1,1
'2026-05-29 18:45:22.590983000,4.494983000,1,0
'2026-05-29 18:45:22.591061200,4.495061200,1,1
'2026-05-29 18:45:22.591070000,4.495070000,1,0
'2026-05-29 18:45:22.591148000,4.495148000,1,1
'2026-05-29 18:45:22.591156800,4.495156800,1,0
'2026-05-29 18:45:22.591165400,4.495165400,1,1
'2026-05-29 18:45:22.591182800,4.495182800,1,0
'2026-05-29 18:45:22.591235000,4.495235000,1,1
'2026-05-29 18:45:22.591243600,4.495243600,1,0
'2026-05-29 18:45:22.591321800,4.495321800,1,1
'2026-05-29 18:45:22.591330600,4.495330600,1,0
'2026-05-29 18:45:22.591408800,4.495408800,1,1
'2026-05-29 18:45:22.591417400,4.495417400,1,0
'2026-05-29 18:45:22.591495600,4.495495600,1,1
'2026-05-29 18:45:22.591504400,4.495504400,1,0
'2026-05-29 18:45:22.591521600,4.495521600,1,1
'2026-05-29 18:45:22.591565200,4.495565200,1,0
'2026-05-29 18:45:22.591573800,4.495573800,1,1
'2026-05-29 18:45:22.591591200,4.495591200,1,0
'2026-05-29 18:45:22.591599800,4.495599800,1,1
'2026-05-29 18:45:22.591626000,4.495626000,1,0
'2026-05-29 18:45:22.591634600,4.495634600,1,1
'2026-05-29 18:45:22.591643400,4.495643400,1,0
'2026-05-29 18:45:22.591669400,4.495669400,1,1
'2026-05-29 18:45:22.591678000,4.495678000,1,0
'2026-05-29 18:45:22.591756200,4.495756200,1,1
'2026-05-29 18:45:22.591765000,4.495765000,1,0
'2026-05-29 18:45:22.591843200,4.495843200,1,1
'2026-05-29 18:45:22.591851800,4.495851800,1,0
'2026-05-29 18:45:22.591860600,4.495860600,1,1
'2026-05-29 18:45:22.591869200,4.495869200,1,0
'2026-05-29 18:45:22.591877800,4.495877800,1,1
'2026-05-29 18:45:22.591895200,4.495895200,1,0
'2026-05-29 18:45:22.591904000,4.495904000,1,1
'2026-05-29 18:45:22.591912600,4.495912600,1,0
'2026-05-29 18:45:22.591930000,4.495930000,1,1
'2026-05-29 18:45:22.591938800,4.495938800,1,0
'2026-05-29 18:45:22.591947400,4.495947400,1,1
'2026-05-29 18:45:22.591956000,4.495956000,1,0
'2026-05-29 18:45:22.591964800,4.495964800,1,1
'2026-05-29 18:45:22.591982200,4.495982200,1,0
'2026-05-29 18:45:22.592016800,4.496016800,1,1
'2026-05-29 18:45:22.592025600,4.496025600,1,0
'2026-05-29 18:45:22.592103800,4.496103800,1,1
'2026-05-29 18:45:22.592112400,4.496112400,1,0
'2026-05-29 18:45:22.592190600,4.496190600,1,1
'2026-05-29 18:45:22.592199400,4.496199400,1,0
'2026-05-29 18:45:22.592251400,4.496251400,1,1
'2026-05-29 18:45:22.592286200,4.496286200,1,0
'2026-05-29 18:45:22.592364400,4.496364400,1,1
'2026-05-29 18:45:22.592373200,4.496373200,1,0
'2026-05-29 18:45:22.592399200,4.496399200,1,1
'2026-05-29 18:45:22.592407800,4.496407800,1,0
'2026-05-29 18:45:22.592451400,4.496451400,1,1
'2026-05-29 18:45:22.592460000,4.496460000,1,0
'2026-05-29 18:45:22.592468600,4.496468600,1,1
'2026-05-29 18:45:22.592494800,4.496494800,1,0
'2026-05-29 18:45:22.592503400,4.496503400,1,1
'2026-05-29 18:45:22.592520800,4.496520800,1,0
'2026-05-29 18:45:22.592538200,4.496538200,1,1
'2026-05-29 18:45:22.592546800,4.496546800,1,0
'2026-05-29 18:45:22.592625000,4.496625000,1,1
'2026-05-29 18:45:22.592633800,4.496633800,1,0
'2026-05-29 18:45:22.592712000,4.496712000,1,1
'2026-05-29 18:45:22.592720600,4.496720600,1,0
'2026-05-29 18:45:22.592798800,4.496798800,1,1
'2026-05-29 18:45:22.592807600,4.496807600,1,0
'2026-05-29 18:45:22.592885600,4.496885600,1,1
'2026-05-29 18:45:22.592894400,4.496894400,1,0
'2026-05-29 18:45:22.592903000,4.496903000,1,1
'2026-05-29 18:45:22.592920400,4.496920400,1,0
'2026-05-29 18:45:22.592972600,4.496972600,1,1
'2026-05-29 18:45:22.592981200,4.496981200,1,0
'2026-05-29 18:45:22.593050800,4.497050800,1,1
'2026-05-29 18:45:22.593068200,4.497068200,1,0
'2026-05-29 18:45:22.593146400,4.497146400,1,1
'2026-05-29 18:45:22.593155000,4.497155000,1,0
'2026-05-29 18:45:22.593233200,4.497233200,1,1
'2026-05-29 18:45:22.593242000,4.497242000,1,0
'2026-05-29 18:45:22.593250600,4.497250600,1,1
'2026-05-29 18:45:22.593268000,4.497268000,1,0
'2026-05-29 18:45:22.593285400,4.497285400,1,1
'2026-05-29 18:45:22.593294000,4.497294000,1,0
'2026-05-29 18:45:22.593320000,4.497320000,1,1
'2026-05-29 18:45:22.593328800,4.497328800,1,0
'2026-05-29 18:45:22.593337400,4.497337400,1,1
'2026-05-29 18:45:22.593346200,4.497346200,1,0
'2026-05-29 18:45:22.593407000,4.497407000,1,1
'2026-05-29 18:45:22.593415600,4.497415600,1,0
'2026-05-29 18:45:22.593441800,4.497441800,1,1
'2026-05-29 18:45:22.593450400,4.497450400,1,0
'2026-05-29 18:45:22.593467800,4.497467800,1,1
'2026-05-29 18:45:22.593485200,4.497485200,1,0
'2026-05-29 18:45:22.593493800,4.497493800,1,1
'2026-05-29 18:45:22.593502600,4.497502600,1,0
'2026-05-29 18:45:22.593580800,4.497580800,1,1
'2026-05-29 18:45:22.593589400,4.497589400,1,0
'2026-05-29 18:45:22.593667600,4.497667600,1,1
'2026-05-29 18:45:22.593676400,4.497676400,1,0
'2026-05-29 18:45:22.593711000,4.497711000,1,1
'2026-05-29 18:45:22.593728400,4.497728400,1,0
'2026-05-29 18:45:22.593737200,4.497737200,1,1
'2026-05-29 18:45:22.593745800,4.497745800,1,0
'2026-05-29 18:45:22.593754600,4.497754600,1,1
'2026-05-29 18:45:22.593763200,4.497763200,1,0
'2026-05-29 18:45:22.593780600,4.497780600,1,1
'2026-05-29 18:45:22.593789200,4.497789200,1,0
'2026-05-29 18:45:22.593832600,4.497832600,1,1
'2026-05-29 18:45:22.593850000,4.497850000,1,0
'2026-05-29 18:45:22.593884800,4.497884800,1,1
'2026-05-29 18:45:22.593902200,4.497902200,1,0
'2026-05-29 18:45:22.593910800,4.497910800,1,1
'2026-05-29 18:45:22.593919600,4.497919600,1,0
'2026-05-29 18:45:22.593928200,4.497928200,1,1
'2026-05-29 18:45:22.593937000,4.497937000,1,0
'2026-05-29 18:45:22.593954400,4.497954400,1,1
'2026-05-29 18:45:22.593963000,4.497963000,1,0
'2026-05-29 18:45:22.594015200,4.498015200,1,1
'2026-05-29 18:45:22.594023800,4.498023800,1,0
'2026-05-29 18:45:22.594102000,4.498102000,1,1
'2026-05-29 18:45:22.594110800,4.498110800,1,0
'2026-05-29 18:45:22.594188800,4.498188800,1,1
'2026-05-29 18:45:22.594197600,4.498197600,1,0
'2026-05-29 18:45:22.594206200,4.498206200,1,1
'2026-05-29 18:45:22.594267200,4.498267200,1,0
'2026-05-29 18:45:22.594275800,4.498275800,1,1
'2026-05-29 18:45:22.594284400,4.498284400,1,0
'2026-05-29 18:45:22.594293200,4.498293200,1,1
'2026-05-29 18:45:22.594301800,4.498301800,1,0
'2026-05-29 18:45:22.594354000,4.498354000,1,1
'2026-05-29 18:45:22.594371400,4.498371400,1,0
'2026-05-29 18:45:22.594380000,4.498380000,1,1
'2026-05-29 18:45:22.594388800,4.498388800,1,0
'2026-05-29 18:45:22.594406200,4.498406200,1,1
'2026-05-29 18:45:22.594414800,4.498414800,1,0
'2026-05-29 18:45:22.594423400,4.498423400,1,1
'2026-05-29 18:45:22.594432200,4.498432200,1,0
'2026-05-29 18:45:22.594449600,4.498449600,1,1
'2026-05-29 18:45:22.594458200,4.498458200,1,0
'2026-05-29 18:45:22.594467000,4.498467000,1,1
'2026-05-29 18:45:22.594484400,4.498484400,1,0
'2026-05-29 18:45:22.594536400,4.498536400,1,1
'2026-05-29 18:45:22.594545200,4.498545200,1,0
'2026-05-29 18:45:22.594553800,4.498553800,1,1
'2026-05-29 18:45:22.594562600,4.498562600,1,0
'2026-05-29 18:45:22.594571200,4.498571200,1,1
'2026-05-29 18:45:22.594579800,4.498579800,1,0
'2026-05-29 18:45:22.594614600,4.498614600,1,1
'2026-05-29 18:45:22.594632000,4.498632000,1,0
'2026-05-29 18:45:22.594640600,4.498640600,1,1
'2026-05-29 18:45:22.594666800,4.498666800,1,0
'2026-05-29 18:45:22.594710200,4.498710200,1,1
'2026-05-29 18:45:23.592259600,5.496259600,1,0
'2026-05-29 18:45:23.592268400,5.496268400,1,1
'2026-05-29 18:45:23.592277000,5.496277000,1,0
'2026-05-29 18:45:23.592285800,5.496285800,1,1
'2026-05-29 18:45:23.592294400,5.496294400,1,0
'2026-05-29 18:45:23.592303200,5.496303200,1,1
'2026-05-29 18:45:23.592311800,5.496311800,1,0
'2026-05-29 18:45:23.592320400,5.496320400,1,1
'2026-05-29 18:45:23.592329200,5.496329200,1,0
'2026-05-29 18:45:23.592337800,5.496337800,1,1
'2026-05-29 18:45:23.592346600,5.496346600,1,0
'2026-05-29 18:45:23.592355200,5.496355200,1,1
'2026-05-29 18:45:23.592364000,5.496364000,1,0
'2026-05-29 18:45:23.592381200,5.496381200,1,1
'2026-05-29 18:45:23.592407400,5.496407400,1,0
'2026-05-29 18:45:23.592424800,5.496424800,1,1
'2026-05-29 18:45:23.592433400,5.496433400,1,0
'2026-05-29 18:45:23.592459400,5.496459400,1,1
'2026-05-29 18:45:23.592468200,5.496468200,1,0
'2026-05-29 18:45:23.592511600,5.496511600,1,1
'2026-05-29 18:45:23.592520200,5.496520200,1,0
'2026-05-29 18:45:23.592529000,5.496529000,1,1
'2026-05-29 18:45:23.592537600,5.496537600,1,0
'2026-05-29 18:45:23.592546400,5.496546400,1,1
'2026-05-29 18:45:23.592555000,5.496555000,1,0
'2026-05-29 18:45:23.592572400,5.496572400,1,1
'2026-05-29 18:45:23.592581200,5.496581200,1,0
'2026-05-29 18:45:23.592598400,5.496598400,1,1
'2026-05-29 18:45:23.592607200,5.496607200,1,0
'2026-05-29 18:45:23.592615800,5.496615800,1,1
'2026-05-29 18:45:23.592633200,5.496633200,1,0
'2026-05-29 18:45:23.592642000,5.496642000,1,1
'2026-05-29 18:45:23.592650600,5.496650600,1,0
'2026-05-29 18:45:23.592685400,5.496685400,1,1
'2026-05-29 18:45:23.592694000,5.496694000,1,0
'2026-05-29 18:45:23.592711400,5.496711400,1,1
'2026-05-29 18:45:23.592720200,5.496720200,1,0
'2026-05-29 18:45:23.592772200,5.496772200,1,1
'2026-05-29 18:45:23.592781000,5.496781000,1,0
'2026-05-29 18:45:23.592850400,5.496850400,1,1
'2026-05-29 18:45:23.592867800,5.496867800,1,0
'2026-05-29 18:45:23.592876400,5.496876400,1,1
'2026-05-29 18:45:23.592928600,5.496928600,1,0
'2026-05-29 18:45:23.592946000,5.496946000,1,1
'2026-05-29 18:45:23.592954600,5.496954600,1,0
'2026-05-29 18:45:23.593032800,5.497032800,1,1
'2026-05-29 18:45:23.593041600,5.497041600,1,0
'2026-05-29 18:45:23.593050200,5.497050200,1,1
'2026-05-29 18:45:23.593059000,5.497059000,1,0
'2026-05-29 18:45:23.593067600,5.497067600,1,1
'2026-05-29 18:45:23.593085000,5.497085000,1,0
'2026-05-29 18:45:23.593119600,5.497119600,1,1
'2026-05-29 18:45:23.593128400,5.497128400,1,0
'2026-05-29 18:45:23.593145800,5.497145800,1,1
'2026-05-29 18:45:23.593154400,5.497154400,1,0
'2026-05-29 18:45:23.593206600,5.497206600,1,1
'2026-05-29 18:45:23.593215200,5.497215200,1,0
'2026-05-29 18:45:23.593293400,5.497293400,1,1
'2026-05-29 18:45:23.593302200,5.497302200,1,0
'2026-05-29 18:45:23.593310800,5.497310800,1,1
'2026-05-29 18:45:23.593337000,5.497337000,1,0
'2026-05-29 18:45:23.593380400,5.497380400,1,1
'2026-05-29 18:45:23.593389000,5.497389000,1,0
'2026-05-29 18:45:23.593415000,5.497415000,1,1
'2026-05-29 18:45:23.593449800,5.497449800,1,0
'2026-05-29 18:45:23.593467200,5.497467200,1,1
'2026-05-29 18:45:23.593476000,5.497476000,1,0
'2026-05-29 18:45:23.593554000,5.497554000,1,1
'2026-05-29 18:45:23.593562800,5.497562800,1,0
'2026-05-29 18:45:23.593641000,5.497641000,1,1
'2026-05-29 18:45:23.593649600,5.497649600,1,0
'2026-05-29 18:45:23.593658400,5.497658400,1,1
'2026-05-29 18:45:23.593675800,5.497675800,1,0
'2026-05-29 18:45:23.593727800,5.497727800,1,1
'2026-05-29 18:45:23.593736600,5.497736600,1,0
'2026-05-29 18:45:23.593814800,5.497814800,1,1
'2026-05-29 18:45:23.593823400,5.497823400,1,0
'2026-05-29 18:45:23.593901600,5.497901600,1,1
'2026-05-29 18:45:23.593910200,5.497910200,1,0
'2026-05-29 18:45:23.593988400,5.497988400,1,1
'2026-05-29 18:45:23.593997200,5.497997200,1,0
'2026-05-29 18:45:23.594014600,5.498014600,1,1
'2026-05-29 18:45:23.594058000,5.498058000,1,0
'2026-05-29 18:45:23.594066600,5.498066600,1,1
'2026-05-29 18:45:23.594084000,5.498084000,1,0
'2026-05-29 18:45:23.594092600,5.498092600,1,1
'2026-05-29 18:45:23.594118800,5.498118800,1,0
'2026-05-29 18:45:23.594127400,5.498127400,1,1
'2026-05-29 18:45:23.594136200,5.498136200,1,0
'2026-05-29 18:45:23.594162200,5.498162200,1,1
'2026-05-29 18:45:23.594171000,5.498171000,1,0
'2026-05-29 18:45:23.594249000,5.498249000,1,1
'2026-05-29 18:45:23.594257800,5.498257800,1,0
'2026-05-29 18:45:23.594336000,5.498336000,1,1
'2026-05-29 18:45:23.594344600,5.498344600,1,0
'2026-05-29 18:45:23.594353400,5.498353400,1,1
'2026-05-29 18:45:23.594362000,5.498362000,1,0
'2026-05-29 18:45:23.594370600,5.498370600,1,1
'2026-05-29 18:45:23.594388000,5.498388000,1,0
'2026-05-29 18:45:23.594396800,5.498396800,1,1
'2026-05-29 18:45:23.594405400,5.498405400,1,0
'2026-05-29 18:45:23.594422800,5.498422800,1,1
'2026-05-29 18:45:23.594431600,5.498431600,1,0
'2026-05-29 18:45:23.594440200,5.498440200,1,1
'2026-05-29 18:45:23.594448800,5.498448800,1,0
'2026-05-29 18:45:23.594457600,5.498457600,1,1
'2026-05-29 18:45:23.594475000,5.498475000,1,0
'2026-05-29 18:45:23.594509600,5.498509600,1,1
'2026-05-29 18:45:23.594518400,5.498518400,1,0
'2026-05-29 18:45:23.594596600,5.498596600,1,1
'2026-05-29 18:45:23.594605200,5.498605200,1,0
'2026-05-29 18:45:23.594683400,5.498683400,1,1
'2026-05-29 18:45:23.594692200,5.498692200,1,0
'2026-05-29 18:45:23.594744200,5.498744200,1,1
'2026-05-29 18:45:23.594779000,5.498779000,1,0
'2026-05-29 18:45:23.594857200,5.498857200,1,1
'2026-05-29 18:45:23.594865800,5.498865800,1,0
'2026-05-29 18:45:23.594892000,5.498892000,1,1
'2026-05-29 18:45:23.594900600,5.498900600,1,0
'2026-05-29 18:45:23.594944000,5.498944000,1,1
'2026-05-29 18:45:23.594952800,5.498952800,1,0
'2026-05-29 18:45:23.594961400,5.498961400,1,1
'2026-05-29 18:45:23.594987600,5.498987600,1,0
'2026-05-29 18:45:23.594996200,5.498996200,1,1
'2026-05-29 18:45:23.595013600,5.499013600,1,0
'2026-05-29 18:45:23.595031000,5.499031000,1,1
'2026-05-29 18:45:23.595039600,5.499039600,1,0
'2026-05-29 18:45:23.595117800,5.499117800,1,1
'2026-05-29 18:45:23.595126400,5.499126400,1,0
'2026-05-29 18:45:23.595204600,5.499204600,1,1
'2026-05-29 18:45:23.595213400,5.499213400,1,0
'2026-05-29 18:45:23.595291600,5.499291600,1,1
'2026-05-29 18:45:23.595300200,5.499300200,1,0
'2026-05-29 18:45:23.595378400,5.499378400,1,1
'2026-05-29 18:45:23.595387200,5.499387200,1,0
'2026-05-29 18:45:23.595395800,5.499395800,1,1
'2026-05-29 18:45:23.595413200,5.499413200,1,0
'2026-05-29 18:45:23.595465200,5.499465200,1,1
'2026-05-29 18:45:23.595474000,5.499474000,1,0
'2026-05-29 18:45:23.595543400,5.499543400,1,1
'2026-05-29 18:45:23.595560800,5.499560800,1,0
'2026-05-29 18:45:23.595639000,5.499639000,1,1
'2026-05-29 18:45:23.595647800,5.499647800,1,0
'2026-05-29 18:45:23.595725800,5.499725800,1,1
'2026-05-29 18:45:23.595734600,5.499734600,1,0
'2026-05-29 18:45:23.595743200,5.499743200,1,1
'2026-05-29 18:45:23.595760600,5.499760600,1,0
'2026-05-29 18:45:23.595778000,5.499778000,1,1
'2026-05-29 18:45:23.595786800,5.499786800,1,0
'2026-05-29 18:45:23.595812800,5.499812800,1,1
'2026-05-29 18:45:23.595821400,5.499821400,1,0
'2026-05-29 18:45:23.595830200,5.499830200,1,1
'2026-05-29 18:45:23.595838800,5.499838800,1,0
'2026-05-29 18:45:23.595899600,5.499899600,1,1
'2026-05-29 18:45:23.595908400,5.499908400,1,0
'2026-05-29 18:45:23.595934400,5.499934400,1,1
'2026-05-29 18:45:23.595943000,5.499943000,1,0
'2026-05-29 18:45:23.595960400,5.499960400,1,1
'2026-05-29 18:45:23.595977800,5.499977800,1,0
'2026-05-29 18:45:23.595986600,5.499986600,1,1
'2026-05-29 18:45:23.595995200,5.499995200,1,0
'2026-05-29 18:45:23.596073400,5.500073400,1,1
'2026-05-29 18:45:23.596082000,5.500082000,1,0
'2026-05-29 18:45:23.596160200,5.500160200,1,1
'2026-05-29 18:45:23.596169000,5.500169000,1,0
'2026-05-29 18:45:23.596203800,5.500203800,1,1
'2026-05-29 18:45:23.596221000,5.500221000,1,0
'2026-05-29 18:45:23.596229800,5.500229800,1,1
'2026-05-29 18:45:23.596238400,5.500238400,1,0
'2026-05-29 18:45:23.596247200,5.500247200,1,1
'2026-05-29 18:45:23.596255800,5.500255800,1,0
'2026-05-29 18:45:23.596273200,5.500273200,1,1
'2026-05-29 18:45:23.596281800,5.500281800,1,0
'2026-05-29 18:45:23.596325400,5.500325400,1,1
'2026-05-29 18:45:23.596342800,5.500342800,1,0
'2026-05-29 18:45:23.596377400,5.500377400,1,1
'2026-05-29 18:45:23.596394800,5.500394800,1,0
'2026-05-29 18:45:23.596403600,5.500403600,1,1
'2026-05-29 18:45:23.596412200,5.500412200,1,0
'2026-05-29 18:45:23.596420800,5.500420800,1,1
'2026-05-29 18:45:23.596429600,5.500429600,1,0
'2026-05-29 18:45:23.596447000,5.500447000,1,1
'2026-05-29 18:45:23.596455600,5.500455600,1,0
'2026-05-29 18:45:23.596507800,5.500507800,1,1
'2026-05-29 18:45:23.596516400,5.500516400,1,0
'2026-05-29 18:45:23.596594600,5.500594600,1,1
'2026-05-29 18:45:23.596603400,5.500603400,1,0
'2026-05-29 18:45:23.596681400,5.500681400,1,1
'2026-05-29 18:45:23.596690200,5.500690200,1,0
'2026-05-29 18:45:23.596698800,5.500698800,1,1
'2026-05-29 18:45:23.596759800,5.500759800,1,0
'2026-05-29 18:45:23.596768400,5.500768400,1,1
'2026-05-29 18:45:23.596777000,5.500777000,1,0
'2026-05-29 18:45:23.596785800,5.500785800,1,1
'2026-05-29 18:45:23.596794400,5.500794400,1,0
'2026-05-29 18:45:23.596846600,5.500846600,1,1
'2026-05-29 18:45:23.596864000,5.500864000,1,0
'2026-05-29 18:45:23.596872600,5.500872600,1,1
'2026-05-29 18:45:23.596881400,5.500881400,1,0
'2026-05-29 18:45:23.596898600,5.500898600,1,1
'2026-05-29 18:45:23.596907400,5.500907400,1,0
'2026-05-29 18:45:23.596916000,5.500916000,1,1
'2026-05-29 18:45:23.596924800,5.500924800,1,0
'2026-05-29 18:45:23.596942200,5.500942200,1,1
'2026-05-29 18:45:23.596950800,5.500950800,1,0
'2026-05-29 18:45:23.596959600,5.500959600,1,1
'2026-05-29 18:45:23.596976800,5.500976800,1,0
'2026-05-29 18:45:23.597029000,5.501029000,1,1
'2026-05-29 18:45:23.597037600,5.501037600,1,0
'2026-05-29 18:45:23.597046400,5.501046400,1,1
'2026-05-29 18:45:23.597055000,5.501055000,1,0
'2026-05-29 18:45:23.597063800,5.501063800,1,1
'2026-05-29 18:45:23.597072400,5.501072400,1,0
'2026-05-29 18:45:23.597107200,5.501107200,1,1
'2026-05-29 18:45:23.597124600,5.501124600,1,0
'2026-05-29 18:45:23.597133200,5.501133200,1,1
'2026-05-29 18:45:23.597159400,5.501159400,1,0
'2026-05-29 18:45:23.597202800,5.501202800,1,1
'2026-05-29 18:45:24.594827600,6.498827600,1,0
'2026-05-29 18:45:24.594836200,6.498836200,1,1
'2026-05-29 18:45:24.594845000,6.498845000,1,0
'2026-05-29 18:45:24.594853600,6.498853600,1,1
'2026-05-29 18:45:24.594862200,6.498862200,1,0
'2026-05-29 18:45:24.594871000,6.498871000,1,1
'2026-05-29 18:45:24.594879600,6.498879600,1,0
'2026-05-29 18:45:24.594888400,6.498888400,1,1
'2026-05-29 18:45:24.594897000,6.498897000,1,0
'2026-05-29 18:45:24.594905800,6.498905800,1,1
'2026-05-29 18:45:24.594914400,6.498914400,1,0
'2026-05-29 18:45:24.594923000,6.498923000,1,1
'2026-05-29 18:45:24.594931800,6.498931800,1,0
'2026-05-29 18:45:24.594949200,6.498949200,1,1
'2026-05-29 18:45:24.594975200,6.498975200,1,0
'2026-05-29 18:45:24.594992600,6.498992600,1,1
'2026-05-29 18:45:24.595001200,6.499001200,1,0
'2026-05-29 18:45:24.595027400,6.499027400,1,1
'2026-05-29 18:45:24.595036000,6.499036000,1,0
'2026-05-29 18:45:24.595079400,6.499079400,1,1
'2026-05-29 18:45:24.595088200,6.499088200,1,0
'2026-05-29 18:45:24.595096800,6.499096800,1,1
'2026-05-29 18:45:24.595105600,6.499105600,1,0
'2026-05-29 18:45:24.595114200,6.499114200,1,1
'2026-05-29 18:45:24.595122800,6.499122800,1,0
'2026-05-29 18:45:24.595140200,6.499140200,1,1
'2026-05-29 18:45:24.595149000,6.499149000,1,0
'2026-05-29 18:45:24.595166400,6.499166400,1,1
'2026-05-29 18:45:24.595175000,6.499175000,1,0
'2026-05-29 18:45:24.595183600,6.499183600,1,1
'2026-05-29 18:45:24.595201000,6.499201000,1,0
'2026-05-29 18:45:24.595209800,6.499209800,1,1
'2026-05-29 18:45:24.595218400,6.499218400,1,0
'2026-05-29 18:45:24.595253200,6.499253200,1,1
'2026-05-29 18:45:24.595261800,6.499261800,1,0
'2026-05-29 18:45:24.595279200,6.499279200,1,1
'2026-05-29 18:45:24.595288000,6.499288000,1,0
'2026-05-29 18:45:24.595340000,6.499340000,1,1
'2026-05-29 18:45:24.595348800,6.499348800,1,0
'2026-05-29 18:45:24.595418200,6.499418200,1,1
'2026-05-29 18:45:24.595435600,6.499435600,1,0
'2026-05-29 18:45:24.595444200,6.499444200,1,1
'2026-05-29 18:45:24.595496400,6.499496400,1,0
'2026-05-29 18:45:24.595513800,6.499513800,1,1
'2026-05-29 18:45:24.595522400,6.499522400,1,0
'2026-05-29 18:45:24.595600600,6.499600600,1,1
'2026-05-29 18:45:24.595609400,6.499609400,1,0
'2026-05-29 18:45:24.595618000,6.499618000,1,1
'2026-05-29 18:45:24.595626800,6.499626800,1,0
'2026-05-29 18:45:24.595635400,6.499635400,1,1
'2026-05-29 18:45:24.595652800,6.499652800,1,0
'2026-05-29 18:45:24.595687600,6.499687600,1,1
'2026-05-29 18:45:24.595696200,6.499696200,1,0
'2026-05-29 18:45:24.595713600,6.499713600,1,1
'2026-05-29 18:45:24.595722200,6.499722200,1,0
'2026-05-29 18:45:24.595774400,6.499774400,1,1
'2026-05-29 18:45:24.595783000,6.499783000,1,0
'2026-05-29 18:45:24.595861200,6.499861200,1,1
'2026-05-29 18:45:24.595870000,6.499870000,1,0
'2026-05-29 18:45:24.595878600,6.499878600,1,1
'2026-05-29 18:45:24.595887400,6.499887400,1,0
'2026-05-29 18:45:24.595904600,6.499904600,1,1
'2026-05-29 18:45:24.595913400,6.499913400,1,0
'2026-05-29 18:45:24.595948200,6.499948200,1,1
'2026-05-29 18:45:24.595956800,6.499956800,1,0
'2026-05-29 18:45:24.595982800,6.499982800,1,1
'2026-05-29 18:45:24.596017600,6.500017600,1,0
'2026-05-29 18:45:24.596035000,6.500035000,1,1
'2026-05-29 18:45:24.596043600,6.500043600,1,0
'2026-05-29 18:45:24.596121800,6.500121800,1,1
'2026-05-29 18:45:24.596130600,6.500130600,1,0
'2026-05-29 18:45:24.596208800,6.500208800,1,1
'2026-05-29 18:45:24.596217400,6.500217400,1,0
'2026-05-29 18:45:24.596226000,6.500226000,1,1
'2026-05-29 18:45:24.596243400,6.500243400,1,0
'2026-05-29 18:45:24.596295600,6.500295600,1,1
'2026-05-29 18:45:24.596304200,6.500304200,1,0
'2026-05-29 18:45:24.596382400,6.500382400,1,1
'2026-05-29 18:45:24.596391200,6.500391200,1,0
'2026-05-29 18:45:24.596469400,6.500469400,1,1
'2026-05-29 18:45:24.596478000,6.500478000,1,0
'2026-05-29 18:45:24.596556200,6.500556200,1,1
'2026-05-29 18:45:24.596564800,6.500564800,1,0
'2026-05-29 18:45:24.596582200,6.500582200,1,1
'2026-05-29 18:45:24.596625600,6.500625600,1,0
'2026-05-29 18:45:24.596634400,6.500634400,1,1
'2026-05-29 18:45:24.596651800,6.500651800,1,0
'2026-05-29 18:45:24.596660400,6.500660400,1,1
'2026-05-29 18:45:24.596686400,6.500686400,1,0
'2026-05-29 18:45:24.596695200,6.500695200,1,1
'2026-05-29 18:45:24.596703800,6.500703800,1,0
'2026-05-29 18:45:24.596729800,6.500729800,1,1
'2026-05-29 18:45:24.596738600,6.500738600,1,0
'2026-05-29 18:45:24.596816800,6.500816800,1,1
'2026-05-29 18:45:24.596825400,6.500825400,1,0
'2026-05-29 18:45:24.596903600,6.500903600,1,1
'2026-05-29 18:45:24.596912400,6.500912400,1,0
'2026-05-29 18:45:24.596921000,6.500921000,1,1
'2026-05-29 18:45:24.596929600,6.500929600,1,0
'2026-05-29 18:45:24.596938400,6.500938400,1,1
'2026-05-29 18:45:24.596955800,6.500955800,1,0
'2026-05-29 18:45:24.596964400,6.500964400,1,1
'2026-05-29 18:45:24.596973200,6.500973200,1,0
'2026-05-29 18:45:24.596990400,6.500990400,1,1
'2026-05-29 18:45:24.596999200,6.500999200,1,0
'2026-05-29 18:45:24.597007800,6.501007800,1,1
'2026-05-29 18:45:24.597016600,6.501016600,1,0
'2026-05-29 18:45:24.597025200,6.501025200,1,1
'2026-05-29 18:45:24.597042600,6.501042600,1,0
'2026-05-29 18:45:24.597077400,6.501077400,1,1
'2026-05-29 18:45:24.597086000,6.501086000,1,0
'2026-05-29 18:45:24.597164200,6.501164200,1,1
'2026-05-29 18:45:24.597172800,6.501172800,1,0
'2026-05-29 18:45:24.597251000,6.501251000,1,1
'2026-05-29 18:45:24.597259800,6.501259800,1,0
'2026-05-29 18:45:24.597311800,6.501311800,1,1
'2026-05-29 18:45:24.597346600,6.501346600,1,0
'2026-05-29 18:45:24.597424800,6.501424800,1,1
'2026-05-29 18:45:24.597433400,6.501433400,1,0
'2026-05-29 18:45:24.597459600,6.501459600,1,1
'2026-05-29 18:45:24.597468200,6.501468200,1,0
'2026-05-29 18:45:24.597511600,6.501511600,1,1
'2026-05-29 18:45:24.597520400,6.501520400,1,0
'2026-05-29 18:45:24.597529000,6.501529000,1,1
'2026-05-29 18:45:24.597555000,6.501555000,1,0
'2026-05-29 18:45:24.597563800,6.501563800,1,1
'2026-05-29 18:45:24.597581200,6.501581200,1,0
'2026-05-29 18:45:24.597598400,6.501598400,1,1
'2026-05-29 18:45:24.597607200,6.501607200,1,0
'2026-05-29 18:45:24.597685400,6.501685400,1,1
'2026-05-29 18:45:24.597694000,6.501694000,1,0
'2026-05-29 18:45:24.597772200,6.501772200,1,1
'2026-05-29 18:45:24.597780800,6.501780800,1,0
'2026-05-29 18:45:24.597859000,6.501859000,1,1
'2026-05-29 18:45:24.597867800,6.501867800,1,0
'2026-05-29 18:45:24.597945800,6.501945800,1,1
'2026-05-29 18:45:24.597954600,6.501954600,1,0
'2026-05-29 18:45:24.597963200,6.501963200,1,1
'2026-05-29 18:45:24.597980600,6.501980600,1,0
'2026-05-29 18:45:24.598032800,6.502032800,1,1
'2026-05-29 18:45:24.598041400,6.502041400,1,0
'2026-05-29 18:45:24.598111000,6.502111000,1,1
'2026-05-29 18:45:24.598128200,6.502128200,1,0
'2026-05-29 18:45:24.598206400,6.502206400,1,1
'2026-05-29 18:45:24.598215200,6.502215200,1,0
'2026-05-29 18:45:24.598293400,6.502293400,1,1
'2026-05-29 18:45:24.598302000,6.502302000,1,0
'2026-05-29 18:45:24.598310600,6.502310600,1,1
'2026-05-29 18:45:24.598328000,6.502328000,1,0
'2026-05-29 18:45:24.598345400,6.502345400,1,1
'2026-05-29 18:45:24.598354200,6.502354200,1,0
'2026-05-29 18:45:24.598380200,6.502380200,1,1
'2026-05-29 18:45:24.598388800,6.502388800,1,0
'2026-05-29 18:45:24.598397600,6.502397600,1,1
'2026-05-29 18:45:24.598406200,6.502406200,1,0
'2026-05-29 18:45:24.598467000,6.502467000,1,1
'2026-05-29 18:45:24.598475800,6.502475800,1,0
'2026-05-29 18:45:24.598501800,6.502501800,1,1
'2026-05-29 18:45:24.598510400,6.502510400,1,0
'2026-05-29 18:45:24.598527800,6.502527800,1,1
'2026-05-29 18:45:24.598545200,6.502545200,1,0
'2026-05-29 18:45:24.598553800,6.502553800,1,1
'2026-05-29 18:45:24.598562600,6.502562600,1,0
'2026-05-29 18:45:24.598640800,6.502640800,1,1
'2026-05-29 18:45:24.598649400,6.502649400,1,0
'2026-05-29 18:45:24.598727600,6.502727600,1,1
'2026-05-29 18:45:24.598736200,6.502736200,1,0
'2026-05-29 18:45:24.598771000,6.502771000,1,1
'2026-05-29 18:45:24.598788400,6.502788400,1,0
'2026-05-29 18:45:24.598797000,6.502797000,1,1
'2026-05-29 18:45:24.598805800,6.502805800,1,0
'2026-05-29 18:45:24.598814400,6.502814400,1,1
'2026-05-29 18:45:24.598823200,6.502823200,1,0
'2026-05-29 18:45:24.598840600,6.502840600,1,1
'2026-05-29 18:45:24.598849200,6.502849200,1,0
'2026-05-29 18:45:24.598892600,6.502892600,1,1
'2026-05-29 18:45:24.598910000,6.502910000,1,0
'2026-05-29 18:45:24.598944800,6.502944800,1,1
'2026-05-29 18:45:24.598962200,6.502962200,1,0
'2026-05-29 18:45:24.598970800,6.502970800,1,1
'2026-05-29 18:45:24.598979600,6.502979600,1,0
'2026-05-29 18:45:24.598988200,6.502988200,1,1
'2026-05-29 18:45:24.598997000,6.502997000,1,0
'2026-05-29 18:45:24.599014200,6.503014200,1,1
'2026-05-29 18:45:24.599023000,6.503023000,1,0
'2026-05-29 18:45:24.599075000,6.503075000,1,1
'2026-05-29 18:45:24.599083800,6.503083800,1,0
'2026-05-29 18:45:24.599162000,6.503162000,1,1
'2026-05-29 18:45:24.599170600,6.503170600,1,0
'2026-05-29 18:45:24.599248800,6.503248800,1,1
'2026-05-29 18:45:24.599257400,6.503257400,1,0
'2026-05-29 18:45:24.599266200,6.503266200,1,1
'2026-05-29 18:45:24.599327000,6.503327000,1,0
'2026-05-29 18:45:24.599335600,6.503335600,1,1
'2026-05-29 18:45:24.599344400,6.503344400,1,0
'2026-05-29 18:45:24.599353000,6.503353000,1,1
'2026-05-29 18:45:24.599361800,6.503361800,1,0
'2026-05-29 18:45:24.599413800,6.503413800,1,1
'2026-05-29 18:45:24.599431200,6.503431200,1,0
'2026-05-29 18:45:24.599439800,6.503439800,1,1
'2026-05-29 18:45:24.599448600,6.503448600,1,0
'2026-05-29 18:45:24.599466000,6.503466000,1,1
'2026-05-29 18:45:24.599474600,6.503474600,1,0
'2026-05-29 18:45:24.599483400,6.503483400,1,1
'2026-05-29 18:45:24.599492000,6.503492000,1,0
'2026-05-29 18:45:24.599509400,6.503509400,1,1
'2026-05-29 18:45:24.599518000,6.503518000,1,0
'2026-05-29 18:45:24.599526800,6.503526800,1,1
'2026-05-29 18:45:24.599544200,6.503544200,1,0
'2026-05-29 18:45:24.599596200,6.503596200,1,1
'2026-05-29 18:45:24.599605000,6.503605000,1,0
'2026-05-29 18:45:24.599613600,6.503613600,1,1
'2026-05-29 18:45:24.599657000,6.503657000,1,0
'2026-05-29 18:45:24.599683200,6.503683200,1,1
'2026-05-29 18:45:24.599691800,6.503691800,1,0
'2026-05-29 18:45:24.599700400,6.503700400,1,1
'2026-05-29 18:45:24.599709200,6.503709200,1,0
'2026-05-29 18:45:24.599726600,6.503726600,1,1
'2026-05-29 18:45:24.599735200,6.503735200,1,0
'2026-05-29 18:45:24.599770000,6.503770000,1,1
'2026-05-29 18:45:24.826337400,6.730337400,1,0
